USE BINAES
GO 
--POBLACION BIBLIOTECA
insert into IDIOMA (id, idioma) values (1, 'Español');
insert into IDIOMA (id, idioma) values (2, 'Ingles');
GO
insert into FORMATO (id, formato) values (1, 'Digital');
insert into FORMATO (id, formato) values (2, 'Fisico');
GO
--insert into PALABRAS_CLAVE (id,palabra_clave) VALUES (1,'interesante');
GO
--insert into EDITORIAL (id, nombre) values (1, 'Santillana');
--insert into EDITORIAL (id, nombre) values (2, 'Gobierno');
GO
--insert into EJEMPLAR (id,Nombre,fecha_publicacion,id_idioma,id_formato,id_palabra_clave,id_editorial) 
--values (1,'Camasutra',CONVERT (DATE, '08/12/2001',103),2,1,1,1);
GO
--insert into TIPO (id,tipo) values (1,'libro');
GO
--insert into GENERO (id,genero,id_coleccion) values (1,'sexual',1);
GO
--insert into COLECCION (id,nombre_coleccion,id_tipo,id_genero,id_ejemplar) values (1,'donaciones +18',1,1,1);
GO
--insert into MATERIAL_BIBLIOGRAFICO (id,id_coleccion) values (1,1);
GO
--insert into PISO (id,piso) values (1,1);
GO
--insert into AREA (id,nombre,descripcion,id_piso,id_material_bibliografico) values (1,'biblioteca','descripcion',1,1);

insert into PALABRAS_CLAVE (id, palabra_clave) values ('id4916', 'bidireccional');
insert into PALABRAS_CLAVE (id, palabra_clave) values ('id3113', 'estructura');
insert into PALABRAS_CLAVE (id, palabra_clave) values ('id1504', 'coherente');
insert into PALABRAS_CLAVE (id, palabra_clave) values ('id4936', 'Progresivo');
insert into PALABRAS_CLAVE (id, palabra_clave) values ('id4074', 'homogéneo');
insert into PALABRAS_CLAVE (id, palabra_clave) values ('id1178', 'Configurable');
insert into PALABRAS_CLAVE (id, palabra_clave) values ('id3179', 'extranet');
insert into PALABRAS_CLAVE (id, palabra_clave) values ('id3838', 'Llave pública');
insert into PALABRAS_CLAVE (id, palabra_clave) values ('id3135', 'incremental');
insert into PALABRAS_CLAVE (id, palabra_clave) values ('id3350', 'Operatorio');
insert into PALABRAS_CLAVE (id, palabra_clave) values ('id4685', 'valor añadido');
insert into PALABRAS_CLAVE (id, palabra_clave) values ('id2274', 'explícito');
insert into PALABRAS_CLAVE (id, palabra_clave) values ('id3153', 'solución de internet');
insert into PALABRAS_CLAVE (id, palabra_clave) values ('id4417', 'administración cero');
insert into PALABRAS_CLAVE (id, palabra_clave) values ('id3375', 'incremental');
insert into PALABRAS_CLAVE (id, palabra_clave) values ('id4496', '6ta generación');
insert into PALABRAS_CLAVE (id, palabra_clave) values ('id1496', 'basado en las necesidades');
insert into PALABRAS_CLAVE (id, palabra_clave) values ('id1400', 'superestructura');
insert into PALABRAS_CLAVE (id, palabra_clave) values ('id2195', 'matrices');
insert into PALABRAS_CLAVE (id, palabra_clave) values ('id2075', 'estrategia');
insert into PALABRAS_CLAVE (id, palabra_clave) values ('id3787', 'moratoria');
insert into PALABRAS_CLAVE (id, palabra_clave) values ('id3076', 'Extendido');
insert into PALABRAS_CLAVE (id, palabra_clave) values ('id2034', 'híbrido');
insert into PALABRAS_CLAVE (id, palabra_clave) values ('id1799', 'Configurable');
insert into PALABRAS_CLAVE (id, palabra_clave) values ('id1891', 'Progresivo');
insert into PALABRAS_CLAVE (id, palabra_clave) values ('id1863', 'homogéneo');
insert into PALABRAS_CLAVE (id, palabra_clave) values ('id3342', 'Proactivo');
insert into PALABRAS_CLAVE (id, palabra_clave) values ('id1366', 'multicapa');
insert into PALABRAS_CLAVE (id, palabra_clave) values ('id4265', 'direccional');
insert into PALABRAS_CLAVE (id, palabra_clave) values ('id2561', 'orientado al cliente');
insert into PALABRAS_CLAVE (id, palabra_clave) values ('id3943', 'Integrado');
insert into PALABRAS_CLAVE (id, palabra_clave) values ('id1613', 'vanguardia');
insert into PALABRAS_CLAVE (id, palabra_clave) values ('id1482', 'horas');
insert into PALABRAS_CLAVE (id, palabra_clave) values ('id4934', 'explícito');
insert into PALABRAS_CLAVE (id, palabra_clave) values ('id2432', 'Llave pública');
insert into PALABRAS_CLAVE (id, palabra_clave) values ('id4260', 'Extendido');
insert into PALABRAS_CLAVE (id, palabra_clave) values ('id2250', 'local');
insert into PALABRAS_CLAVE (id, palabra_clave) values ('id3591', 'dificación');
insert into PALABRAS_CLAVE (id, palabra_clave) values ('id1920', 'Servidor de cliente');
insert into PALABRAS_CLAVE (id, palabra_clave) values ('id1182', 'Conmutable');
insert into PALABRAS_CLAVE (id, palabra_clave) values ('id3771', 'local');
insert into PALABRAS_CLAVE (id, palabra_clave) values ('id4380', 'Interfaz gráfica');
insert into PALABRAS_CLAVE (id, palabra_clave) values ('id4230', 'administración cero');
insert into PALABRAS_CLAVE (id, palabra_clave) values ('id4029', 'Expandido');
insert into PALABRAS_CLAVE (id, palabra_clave) values ('id3685', 'multimedia');
insert into PALABRAS_CLAVE (id, palabra_clave) values ('id3999', '4ta generación');
insert into PALABRAS_CLAVE (id, palabra_clave) values ('id2852', 'Obligatorio');
insert into PALABRAS_CLAVE (id, palabra_clave) values ('id1841', 'neutral');
insert into PALABRAS_CLAVE (id, palabra_clave) values ('id3637', 'horas');
insert into PALABRAS_CLAVE (id, palabra_clave) values ('id1267', 'administración cero');
insert into PALABRAS_CLAVE (id, palabra_clave) values ('id1852', 'neutral');
insert into PALABRAS_CLAVE (id, palabra_clave) values ('id1156', 'bien modulado');
insert into PALABRAS_CLAVE (id, palabra_clave) values ('id3470', 'Arriba');
insert into PALABRAS_CLAVE (id, palabra_clave) values ('id4556', 'estructura');
insert into PALABRAS_CLAVE (id, palabra_clave) values ('id4387', 'Ergonómico');
insert into PALABRAS_CLAVE (id, palabra_clave) values ('id1544', 'vanguardia');
insert into PALABRAS_CLAVE (id, palabra_clave) values ('id2142', 'multi-estado');
insert into PALABRAS_CLAVE (id, palabra_clave) values ('id1916', 'Arriba');
insert into PALABRAS_CLAVE (id, palabra_clave) values ('id1169', 'reducido');
insert into PALABRAS_CLAVE (id, palabra_clave) values ('id3941', 'sitio web');
insert into PALABRAS_CLAVE (id, palabra_clave) values ('id3817', 'centro');
insert into PALABRAS_CLAVE (id, palabra_clave) values ('id3449', 'Extendido');
insert into PALABRAS_CLAVE (id, palabra_clave) values ('id2953', 'sinergia');
insert into PALABRAS_CLAVE (id, palabra_clave) values ('id2203', 'dificación');
insert into PALABRAS_CLAVE (id, palabra_clave) values ('id3019', '4ta generación');
insert into PALABRAS_CLAVE (id, palabra_clave) values ('id1442', 'híbrido');
insert into PALABRAS_CLAVE (id, palabra_clave) values ('id4708', 'estructura');
insert into PALABRAS_CLAVE (id, palabra_clave) values ('id1529', 'grupo de trabajo');
insert into PALABRAS_CLAVE (id, palabra_clave) values ('id2965', 'Proactivo');
insert into PALABRAS_CLAVE (id, palabra_clave) values ('id4717', 'moratoria');
insert into PALABRAS_CLAVE (id, palabra_clave) values ('id2393', 'conglomeración');
insert into PALABRAS_CLAVE (id, palabra_clave) values ('id4850', 'estrategia');
insert into PALABRAS_CLAVE (id, palabra_clave) values ('id2729', 'metodología');
insert into PALABRAS_CLAVE (id, palabra_clave) values ('id1596', 'valor añadido');
insert into PALABRAS_CLAVE (id, palabra_clave) values ('id1776', '4ta generación');
insert into PALABRAS_CLAVE (id, palabra_clave) values ('id3926', 'la mejora de procesos');
insert into PALABRAS_CLAVE (id, palabra_clave) values ('id2906', 'productividad');
insert into PALABRAS_CLAVE (id, palabra_clave) values ('id2441', 'Multilateral');
insert into PALABRAS_CLAVE (id, palabra_clave) values ('id4803', 'Interfaz gráfica');
insert into PALABRAS_CLAVE (id, palabra_clave) values ('id1503', '24 horas');
insert into PALABRAS_CLAVE (id, palabra_clave) values ('id4485', 'Opcional');
insert into PALABRAS_CLAVE (id, palabra_clave) values ('id2280', 'la mejora de procesos');
insert into PALABRAS_CLAVE (id, palabra_clave) values ('id1656', 'Conmutable');
insert into PALABRAS_CLAVE (id, palabra_clave) values ('id4628', 'red neuronal');
insert into PALABRAS_CLAVE (id, palabra_clave) values ('id3361', 'Ergonómico');
insert into PALABRAS_CLAVE (id, palabra_clave) values ('id1657', 'metodología');
insert into PALABRAS_CLAVE (id, palabra_clave) values ('id1351', 'basado en las necesidades');
insert into PALABRAS_CLAVE (id, palabra_clave) values ('id2326', 'Multilateral');
insert into PALABRAS_CLAVE (id, palabra_clave) values ('id2882', 'Operatorio');
insert into PALABRAS_CLAVE (id, palabra_clave) values ('id1970', 'Progresivo');
insert into PALABRAS_CLAVE (id, palabra_clave) values ('id1410', 'Mejorado');
insert into PALABRAS_CLAVE (id, palabra_clave) values ('id4699', 'Interfaz gráfica');
insert into PALABRAS_CLAVE (id, palabra_clave) values ('id3475', 'centro');
insert into PALABRAS_CLAVE (id, palabra_clave) values ('id2957', 'basado en las necesidades');
insert into PALABRAS_CLAVE (id, palabra_clave) values ('id3824', 'Obligatorio');
insert into PALABRAS_CLAVE (id, palabra_clave) values ('id1941', 'Operatorio');
insert into PALABRAS_CLAVE (id, palabra_clave) values ('id4755', 'modelo');
insert into PALABRAS_CLAVE (id, palabra_clave) values ('id1493', 'lealtad del cliente');

GO
insert into EDITORIAL (id, nombre) values ('id3372', 'ESE EDICIONES');
insert into EDITORIAL (id, nombre) values ('id3390', 'Editorial Santillana');
insert into EDITORIAL (id, nombre) values ('id4516', 'EDITORIAL EDISAL S.A DE C.V');
insert into EDITORIAL (id, nombre) values ('id1254', 'Editoriales Lis');
insert into EDITORIAL (id, nombre) values ('id3371', 'Editorial Jurídica Salvadoreña');
insert into EDITORIAL (id, nombre) values ('id2465', 'Editorial Nuevo Mundo');
insert into EDITORIAL (id, nombre) values ('id1740', 'Librería Berea Internacional El Salvador');
insert into EDITORIAL (id, nombre) values ('id1020', 'Editorial Equipo Rama S.A. de C.V.');
insert into EDITORIAL (id, nombre) values ('id2586', 'La Ceiba library');
insert into EDITORIAL (id, nombre) values ('id1654', 'LIBRERIA CLASICOS ROXSIL');
insert into EDITORIAL (id, nombre) values ('id3311', 'Editorial Pensar');
insert into EDITORIAL (id, nombre) values ('id2713', 'Editorial Ocean Sur');
insert into EDITORIAL (id, nombre) values ('id1818', 'Colección Monte Sinaí S.A. de C.V.');
insert into EDITORIAL (id, nombre) values ('id2624', 'Distribuidora de Textos Escolares');
insert into EDITORIAL (id, nombre) values ('id4762', 'S.A. de C.V.');
insert into EDITORIAL (id, nombre) values ('id3387', 'Imprenta Angel Editores');
insert into EDITORIAL (id, nombre) values ('id3493', 'Editorial Lo Nuestro');
insert into EDITORIAL (id, nombre) values ('id4756', 'ESE EDICIONES');
GO
insert into AUTOR (id, nombre) values ('00219100', 'Belita McDougal');
insert into AUTOR (id, nombre) values ('00219101', 'Antone Ughetti');
insert into AUTOR (id, nombre) values ('00219102', 'Aloysius Mirfin');
insert into AUTOR (id, nombre) values ('00219103', 'Boniface Thurby');
insert into AUTOR (id, nombre) values ('00219104', 'Evy Skaife');
insert into AUTOR (id, nombre) values ('00219105', 'Theodor Rickesies');
insert into AUTOR (id, nombre) values ('00219106', 'Whitby Besse');
insert into AUTOR (id, nombre) values ('00219107', 'Meara Danilishin');
insert into AUTOR (id, nombre) values ('00219108', 'Brice Dubbin');
insert into AUTOR (id, nombre) values ('00219109', 'Rosella Girardetti');
insert into AUTOR (id, nombre) values ('00219110', 'Cassandra Bulloch');
insert into AUTOR (id, nombre) values ('00219111', 'Abey Stummeyer');
insert into AUTOR (id, nombre) values ('00219112', 'Lanie O'' Cloney');
insert into AUTOR (id, nombre) values ('00219113', 'Gideon Rosas');
insert into AUTOR (id, nombre) values ('00219114', 'Sheelah Speachley');
insert into AUTOR (id, nombre) values ('00219115', 'Judye Hoy');
insert into AUTOR (id, nombre) values ('00219116', 'Giorgi Heardman');
insert into AUTOR (id, nombre) values ('00219117', 'Bear Soppit');
insert into AUTOR (id, nombre) values ('00219118', 'Stu Dreher');
insert into AUTOR (id, nombre) values ('00219119', 'Gaelan Rackam');
insert into AUTOR (id, nombre) values ('00219120', 'Merridie Ballam');
insert into AUTOR (id, nombre) values ('00219121', 'Boniface Tweedlie');
insert into AUTOR (id, nombre) values ('00219122', 'Maryann Avon');
insert into AUTOR (id, nombre) values ('00219123', 'Zonnya Magrane');
insert into AUTOR (id, nombre) values ('00219124', 'Nerti MacAlaster');
insert into AUTOR (id, nombre) values ('00219125', 'Muriel Dumphries');
insert into AUTOR (id, nombre) values ('00219126', 'Tiffanie Grimsdell');
insert into AUTOR (id, nombre) values ('00219127', 'Brewster Spelsbury');
insert into AUTOR (id, nombre) values ('00219128', 'Fanny Cureton');
insert into AUTOR (id, nombre) values ('00219129', 'Bethena Coppenhall');
insert into AUTOR (id, nombre) values ('00219130', 'Susi Filer');
insert into AUTOR (id, nombre) values ('00219131', 'Brinna Lewington');
insert into AUTOR (id, nombre) values ('00219132', 'Larissa Linnard');
insert into AUTOR (id, nombre) values ('00219133', 'Brit Hebden');
insert into AUTOR (id, nombre) values ('00219134', 'Laure Cardenas');
insert into AUTOR (id, nombre) values ('00219135', 'Townie Lording');
insert into AUTOR (id, nombre) values ('00219136', 'Dinnie Turbitt');
insert into AUTOR (id, nombre) values ('00219137', 'Merv Somers');
insert into AUTOR (id, nombre) values ('00219138', 'Ash Kibbey');
insert into AUTOR (id, nombre) values ('00219139', 'Nadine Leiden');
insert into AUTOR (id, nombre) values ('00219140', 'Margy English');
insert into AUTOR (id, nombre) values ('00219141', 'Isabelita Bontoft');
insert into AUTOR (id, nombre) values ('00219142', 'Callida Pauling');
insert into AUTOR (id, nombre) values ('00219143', 'Brandais Garrett');
insert into AUTOR (id, nombre) values ('00219144', 'Fonzie Ramm');
insert into AUTOR (id, nombre) values ('00219145', 'Emmye Meace');
insert into AUTOR (id, nombre) values ('00219146', 'Rice Aleksashin');
insert into AUTOR (id, nombre) values ('00219147', 'Ronnica Coster');
insert into AUTOR (id, nombre) values ('00219148', 'Adah Verrier');
insert into AUTOR (id, nombre) values ('00219149', 'Truda Morando');
insert into AUTOR (id, nombre) values ('00219150', 'Octavia Hookes');
insert into AUTOR (id, nombre) values ('00219151', 'Marlo Cumberpatch');
insert into AUTOR (id, nombre) values ('00219152', 'Vickie Mellmer');
insert into AUTOR (id, nombre) values ('00219153', 'Nell Peetermann');
insert into AUTOR (id, nombre) values ('00219154', 'Jae Zoane');
insert into AUTOR (id, nombre) values ('00219155', 'Stace Dudley');
insert into AUTOR (id, nombre) values ('00219156', 'Rosaline Markwell');
insert into AUTOR (id, nombre) values ('00219157', 'Arte Steggles');
insert into AUTOR (id, nombre) values ('00219158', 'Yoshi Greedy');
insert into AUTOR (id, nombre) values ('00219159', 'Dwain Rushford');
insert into AUTOR (id, nombre) values ('00219160', 'Jabez Scoone');
insert into AUTOR (id, nombre) values ('00219161', 'Upton Nissle');
insert into AUTOR (id, nombre) values ('00219162', 'Enrico Priscott');
insert into AUTOR (id, nombre) values ('00219163', 'Bruce Bordis');
insert into AUTOR (id, nombre) values ('00219164', 'Keane Purvess');
insert into AUTOR (id, nombre) values ('00219165', 'Helli Linford');
insert into AUTOR (id, nombre) values ('00219166', 'Cathlene Leahair');
insert into AUTOR (id, nombre) values ('00219167', 'Meyer Roadknight');
insert into AUTOR (id, nombre) values ('00219168', 'Terry Pouton');
insert into AUTOR (id, nombre) values ('00219169', 'Isabeau Danilchev');
insert into AUTOR (id, nombre) values ('00219170', 'Tracie Broadley');
insert into AUTOR (id, nombre) values ('00219171', 'Quinton Hecks');
insert into AUTOR (id, nombre) values ('00219172', 'Bradley Henner');
insert into AUTOR (id, nombre) values ('00219173', 'Marley Swynley');
insert into AUTOR (id, nombre) values ('00219174', 'Polly Laville');
insert into AUTOR (id, nombre) values ('00219175', 'Faye Stathers');
insert into AUTOR (id, nombre) values ('00219176', 'Josee Janodet');
insert into AUTOR (id, nombre) values ('00219177', 'Wynne Pinnijar');
insert into AUTOR (id, nombre) values ('00219178', 'Mellisent Sealy');
insert into AUTOR (id, nombre) values ('00219179', 'Alberto Rembrant');
insert into AUTOR (id, nombre) values ('00219180', 'Corene Owers');
insert into AUTOR (id, nombre) values ('00219181', 'Andee Turrell');
insert into AUTOR (id, nombre) values ('00219182', 'Ted Lindeberg');
insert into AUTOR (id, nombre) values ('00219183', 'Michel Pulhoster');
insert into AUTOR (id, nombre) values ('00219184', 'Maggy Tomaschke');
insert into AUTOR (id, nombre) values ('00219185', 'Nananne Leyton');
insert into AUTOR (id, nombre) values ('00219186', 'Jameson Franzonetti');
insert into AUTOR (id, nombre) values ('00219187', 'Sharline Scheffler');
insert into AUTOR (id, nombre) values ('00219188', 'Shea Jorry');
insert into AUTOR (id, nombre) values ('00219189', 'Betteann Achurch');
insert into AUTOR (id, nombre) values ('00219190', 'Zebadiah Purchon');
insert into AUTOR (id, nombre) values ('00219191', 'Odelle Rubinchik');
insert into AUTOR (id, nombre) values ('00219192', 'Rafi Fawthrop');
insert into AUTOR (id, nombre) values ('00219193', 'Georgeta Vanyarkin');
insert into AUTOR (id, nombre) values ('00219194', 'Georgie Drust');
insert into AUTOR (id, nombre) values ('00219195', 'Delainey Ratt');
insert into AUTOR (id, nombre) values ('00219196', 'Hans Creasy');
insert into AUTOR (id, nombre) values ('00219197', 'Sibbie Fladgate');
insert into AUTOR (id, nombre) values ('00219198', 'Jo Camerati');
insert into AUTOR (id, nombre) values ('00219199', 'Wye Curnnok');
insert into AUTOR (id, nombre) values ('00219200', 'Adrianne Bellas');
GO

insert into ETIQUETA (id, etiqueta) values ('000011', 'ISNB');
insert into ETIQUETA (id, etiqueta) values ('000012', 'ISSN');
insert into ETIQUETA (id, etiqueta) values ('000013', 'DOI');

insert into TIPO (id, tipo) values ('id1', 'libros');
insert into TIPO (id, tipo) values ('id2', 'revistas');
insert into TIPO (id, tipo) values ('id3', 'periódicos');
insert into TIPO (id, tipo) values ('id4', 'memorias');
insert into TIPO (id, tipo) values ('id5', 'álbumes');
insert into TIPO (id, tipo) values ('id6', 'tesis');
insert into TIPO (id, tipo) values ('id7', 'audio');
insert into TIPO (id, tipo) values ('id8', 'video');

insert into EJEMPLAR (id, fecha_publicacion, id_autor, id_etiqueta, id_idioma, id_formato  , id_palabra_clave, id_editorial, Nombre) values ('022100LB', CONVERT (DATE,'18/02/2009',103), '00219186', '000012', 2, 1, 'id2393', 'id1740', 'Scary Movie 3');
insert into EJEMPLAR (id, fecha_publicacion, id_autor, id_etiqueta, id_idioma, id_formato  , id_palabra_clave, id_editorial, Nombre) values ('022101LB', CONVERT (DATE,'22/09/1985',103), '00219180', '000011', 1, 2, 'id1169', 'id1654', 'Barbie in the Nutcracker');
insert into EJEMPLAR (id, fecha_publicacion, id_autor, id_etiqueta, id_idioma, id_formato  , id_palabra_clave, id_editorial, Nombre) values ('022102LB', CONVERT (DATE,'15/04/1969',103), '00219131', '000013', 1, 2, 'id4717', 'id2713', 'Gun Woman');
insert into EJEMPLAR (id, fecha_publicacion, id_autor, id_etiqueta, id_idioma, id_formato  , id_palabra_clave, id_editorial, Nombre) values ('022103LB', CONVERT (DATE,'18/10/1981',103), '00219186', '000013', 1, 2, 'id3999', 'id3493', 'Wind, The');
insert into EJEMPLAR (id, fecha_publicacion, id_autor, id_etiqueta, id_idioma, id_formato  , id_palabra_clave, id_editorial, Nombre) values ('022104LB', CONVERT (DATE,'13/07/2016',103), '00219184', '000012', 2, 2, 'id4628', 'id1740', 'Last Dance');
insert into EJEMPLAR (id, fecha_publicacion, id_autor, id_etiqueta, id_idioma, id_formato  , id_palabra_clave, id_editorial, Nombre) values ('022105LB', CONVERT (DATE,'03/01/2008',103), '00219176', '000012', 1, 1, 'id1916', 'id2586', 'Basket Case 2');
insert into EJEMPLAR (id, fecha_publicacion, id_autor, id_etiqueta, id_idioma, id_formato  , id_palabra_clave, id_editorial, Nombre) values ('022106LB', CONVERT (DATE,'11/05/1970',103), '00219141', '000013', 1, 1, 'id4755', 'id3372', 'Break-Up, The');
insert into EJEMPLAR (id, fecha_publicacion, id_autor, id_etiqueta, id_idioma, id_formato  , id_palabra_clave, id_editorial, Nombre) values ('022107LB', CONVERT (DATE,'25/01/1982',103), '00219109', '000013', 2, 1, 'id2142', 'id2586', 'Puffy Chair, The');
insert into EJEMPLAR (id, fecha_publicacion, id_autor, id_etiqueta, id_idioma, id_formato  , id_palabra_clave, id_editorial, Nombre) values ('022108LB', CONVERT (DATE,'21/08/1977',103), '00219182', '000013', 1, 1, 'id1891', 'id4762', 'Zone, The (La Zona)');
insert into EJEMPLAR (id, fecha_publicacion, id_autor, id_etiqueta, id_idioma, id_formato  , id_palabra_clave, id_editorial, Nombre) values ('022109LB', CONVERT (DATE,'16/01/1972',103), '00219109', '000012', 1, 1, 'id3943', 'id2465', 'Union Square');
insert into EJEMPLAR (id, fecha_publicacion, id_autor, id_etiqueta, id_idioma, id_formato  , id_palabra_clave, id_editorial, Nombre) values ('022110LB', CONVERT (DATE,'01/11/2018',103), '00219146', '000013', 1, 2, 'id1596', 'id3311', 'President''s Man, The');
insert into EJEMPLAR (id, fecha_publicacion, id_autor, id_etiqueta, id_idioma, id_formato  , id_palabra_clave, id_editorial, Nombre) values ('022111LB', CONVERT (DATE,'25/09/1963',103), '00219121', '000012', 2, 2, 'id3685', 'id3372', 'Forever Amber');
insert into EJEMPLAR (id, fecha_publicacion, id_autor, id_etiqueta, id_idioma, id_formato  , id_palabra_clave, id_editorial, Nombre) values ('022112LB', CONVERT (DATE,'18/01/1986',103), '00219185', '000013', 2, 2, 'id3637', 'id2624', 'So I Married an Axe Murderer');
insert into EJEMPLAR (id, fecha_publicacion, id_autor, id_etiqueta, id_idioma, id_formato  , id_palabra_clave, id_editorial, Nombre) values ('022113LB', CONVERT (DATE,'20/12/1973',103), '00219186', '000011', 2, 2, 'id2441', 'id2586', 'Maytime');
insert into EJEMPLAR (id, fecha_publicacion, id_autor, id_etiqueta, id_idioma, id_formato  , id_palabra_clave, id_editorial, Nombre) values ('022114LB', CONVERT (DATE,'29/09/1972',103), '00219171', '000012', 2, 2, 'id4029', 'id3372', 'Dr Money and the Boy with No Penis');
insert into EJEMPLAR (id, fecha_publicacion, id_autor, id_etiqueta, id_idioma, id_formato  , id_palabra_clave, id_editorial, Nombre) values ('022115LB', CONVERT (DATE,'06/07/2019',103), '00219127', '000011', 2, 1, 'id2280', 'id3372', 'Point Men, The');
insert into EJEMPLAR (id, fecha_publicacion, id_autor, id_etiqueta, id_idioma, id_formato  , id_palabra_clave, id_editorial, Nombre) values ('022116LB', CONVERT (DATE,'22/11/1980',103), '00219133', '000012', 1, 1, 'id1799', 'id1254', 'Chameleon (Kaméleon)');
insert into EJEMPLAR (id, fecha_publicacion, id_autor, id_etiqueta, id_idioma, id_formato  , id_palabra_clave, id_editorial, Nombre) values ('022117LB', CONVERT (DATE,'21/06/1996',103), '00219183', '000012', 2, 1, 'id3350', 'id1818', 'Cars 2');
insert into EJEMPLAR (id, fecha_publicacion, id_autor, id_etiqueta, id_idioma, id_formato  , id_palabra_clave, id_editorial, Nombre) values ('022118LB', CONVERT (DATE,'01/10/2010',103), '00219126', '000013', 2, 2, 'id1493', 'id1740', 'State Property 2');
insert into EJEMPLAR (id, fecha_publicacion, id_autor, id_etiqueta, id_idioma, id_formato  , id_palabra_clave, id_editorial, Nombre) values ('022119LB', CONVERT (DATE,'16/08/1972',103), '00219180', '000013', 2, 2, 'id4074', 'id1020', 'The Missionaries');
insert into EJEMPLAR (id, fecha_publicacion, id_autor, id_etiqueta, id_idioma, id_formato  , id_palabra_clave, id_editorial, Nombre) values ('022120LB', CONVERT (DATE,'16/02/1996',103), '00219132', '000013', 2, 1, 'id1891', 'id3390', 'Ethan Frome');
insert into EJEMPLAR (id, fecha_publicacion, id_autor, id_etiqueta, id_idioma, id_formato  , id_palabra_clave, id_editorial, Nombre) values ('022121LB', CONVERT (DATE,'08/10/1975',103), '00219149', '000013', 1, 2, 'id4029', 'id2624', 'Method, The (Método, El)');
insert into EJEMPLAR (id, fecha_publicacion, id_autor, id_etiqueta, id_idioma, id_formato  , id_palabra_clave, id_editorial, Nombre) values ('022122LB', CONVERT (DATE,'24/05/1965',103), '00219102', '000012', 2, 1, 'id3999', 'id2624', 'Doll, The (Lalka)');
insert into EJEMPLAR (id, fecha_publicacion, id_autor, id_etiqueta, id_idioma, id_formato  , id_palabra_clave, id_editorial, Nombre) values ('022123LB', CONVERT (DATE,'20/07/1971',103), '00219191', '000011', 2, 2, 'id1544', 'id3387', 'What to Expect When You''re Expecting');
insert into EJEMPLAR (id, fecha_publicacion, id_autor, id_etiqueta, id_idioma, id_formato  , id_palabra_clave, id_editorial, Nombre) values ('022124LB', CONVERT (DATE,'17/03/1998',103), '00219120', '000011', 1, 2, 'id4380', 'id4762', 'Broadway Bill');
insert into EJEMPLAR (id, fecha_publicacion, id_autor, id_etiqueta, id_idioma, id_formato  , id_palabra_clave, id_editorial, Nombre) values ('022125LB', CONVERT (DATE,'25/07/2020',103), '00219144', '000011', 1, 1, 'id3019', 'id3372', 'Other Woman, The');
insert into EJEMPLAR (id, fecha_publicacion, id_autor, id_etiqueta, id_idioma, id_formato  , id_palabra_clave, id_editorial, Nombre) values ('022126LB', CONVERT (DATE,'12/10/2019',103), '00219138', '000012', 1, 2, 'id4485', 'id1654', 'Last Stop for Paul');
insert into EJEMPLAR (id, fecha_publicacion, id_autor, id_etiqueta, id_idioma, id_formato  , id_palabra_clave, id_editorial, Nombre) values ('022127LB', CONVERT (DATE,'17/07/2001',103), '00219173', '000012', 1, 2, 'id3076', 'id4762', 'Night Moves');
insert into EJEMPLAR (id, fecha_publicacion, id_autor, id_etiqueta, id_idioma, id_formato  , id_palabra_clave, id_editorial, Nombre) values ('022128LB', CONVERT (DATE,'22/09/1987',103), '00219179', '000011', 1, 2, 'id3361', 'id1818', 'Mr. Jones');
insert into EJEMPLAR (id, fecha_publicacion, id_autor, id_etiqueta, id_idioma, id_formato  , id_palabra_clave, id_editorial, Nombre) values ('022129LB', CONVERT (DATE,'28/03/1993',103), '00219129', '000011', 1, 2, 'id3361', 'id3311', 'Cinema Paradiso (Nuovo cinema Paradiso)');
insert into EJEMPLAR (id, fecha_publicacion, id_autor, id_etiqueta, id_idioma, id_formato  , id_palabra_clave, id_editorial, Nombre) values ('022130LB', CONVERT (DATE,'02/10/1992',103), '00219149', '000011', 2, 1, 'id4934', 'id3372', 'Horns');
insert into EJEMPLAR (id, fecha_publicacion, id_autor, id_etiqueta, id_idioma, id_formato  , id_palabra_clave, id_editorial, Nombre) values ('022131LB', CONVERT (DATE,'23/04/2012',103), '00219176', '000013', 1, 2, 'id2957', 'id3390', 'Peace, Love & Misunderstanding');
insert into EJEMPLAR (id, fecha_publicacion, id_autor, id_etiqueta, id_idioma, id_formato  , id_palabra_clave, id_editorial, Nombre) values ('022132LB', CONVERT (DATE,'02/08/1992',103), '00219111', '000013', 1, 2, 'id4755', 'id3387', 'Rurouni Kenshin (Rurôni Kenshin: Meiji kenkaku roman tan)');
insert into EJEMPLAR (id, fecha_publicacion, id_autor, id_etiqueta, id_idioma, id_formato  , id_palabra_clave, id_editorial, Nombre) values ('022133LB', CONVERT (DATE,'07/06/2015',103), '00219187', '000011', 2, 2, 'id4803', 'id2624', 'Air Hawks');
insert into EJEMPLAR (id, fecha_publicacion, id_autor, id_etiqueta, id_idioma, id_formato  , id_palabra_clave, id_editorial, Nombre) values ('022134LB', CONVERT (DATE,'15/01/1962',103), '00219144', '000011', 2, 2, 'id1776', 'id4756', 'Topper');
insert into EJEMPLAR (id, fecha_publicacion, id_autor, id_etiqueta, id_idioma, id_formato  , id_palabra_clave, id_editorial, Nombre) values ('022135LB', CONVERT (DATE,'03/11/2001',103), '00219174', '000012', 1, 2, 'id2034', 'id3387', 'Line, The (La linea)');
insert into EJEMPLAR (id, fecha_publicacion, id_autor, id_etiqueta, id_idioma, id_formato  , id_palabra_clave, id_editorial, Nombre) values ('022136LB', CONVERT (DATE,'22/09/1999',103), '00219161', '000012', 1, 2, 'id4485', 'id4762', 'Sea Wife');
insert into EJEMPLAR (id, fecha_publicacion, id_autor, id_etiqueta, id_idioma, id_formato  , id_palabra_clave, id_editorial, Nombre) values ('022137LB', CONVERT (DATE,'09/09/1974',103), '00219116', '000013', 2, 1, 'id4934', 'id1020', 'Matrix Reloaded, The');
insert into EJEMPLAR (id, fecha_publicacion, id_autor, id_etiqueta, id_idioma, id_formato  , id_palabra_clave, id_editorial, Nombre) values ('022138LB', CONVERT (DATE,'01/09/2010',103), '00219136', '000013', 1, 1, 'id2561', 'id3387', 'Powaqqatsi');
insert into EJEMPLAR (id, fecha_publicacion, id_autor, id_etiqueta, id_idioma, id_formato  , id_palabra_clave, id_editorial, Nombre) values ('022139LB', CONVERT (DATE,'16/06/1994',103), '00219115', '000012', 2, 2, 'id3941', 'id2713', 'Naked Gun 33 1/3: The Final Insult');
insert into EJEMPLAR (id, fecha_publicacion, id_autor, id_etiqueta, id_idioma, id_formato  , id_palabra_clave, id_editorial, Nombre) values ('022140LB', CONVERT (DATE,'03/01/1964',103), '00219144', '000013', 2, 1, 'id3475', 'id1818', 'Lili');
insert into EJEMPLAR (id, fecha_publicacion, id_autor, id_etiqueta, id_idioma, id_formato  , id_palabra_clave, id_editorial, Nombre) values ('022141LB', CONVERT (DATE,'27/09/1984',103), '00219177', '000012', 1, 1, 'id1351', 'id2713', '25 Watts');
insert into EJEMPLAR (id, fecha_publicacion, id_autor, id_etiqueta, id_idioma, id_formato  , id_palabra_clave, id_editorial, Nombre) values ('022142LB', CONVERT (DATE,'03/07/2011',103), '00219179', '000013', 1, 2, 'id2075', 'id3311', 'Thing from Another World, The');
insert into EJEMPLAR (id, fecha_publicacion, id_autor, id_etiqueta, id_idioma, id_formato  , id_palabra_clave, id_editorial, Nombre) values ('022143LB', CONVERT (DATE,'29/11/1982',103), '00219197', '000013', 2, 1, 'id1351', 'id1254', '''R Xmas');
insert into EJEMPLAR (id, fecha_publicacion, id_autor, id_etiqueta, id_idioma, id_formato  , id_palabra_clave, id_editorial, Nombre) values ('022144LB', CONVERT (DATE,'08/04/2004',103), '00219114', '000013', 1, 2, 'id3685', 'id4762', 'Starfighters, The');
insert into EJEMPLAR (id, fecha_publicacion, id_autor, id_etiqueta, id_idioma, id_formato  , id_palabra_clave, id_editorial, Nombre) values ('022145LB', CONVERT (DATE,'23/12/2021',103), '00219114', '000011', 1, 1, 'id1941', 'id4756', 'Sin Nombre');
insert into EJEMPLAR (id, fecha_publicacion, id_autor, id_etiqueta, id_idioma, id_formato  , id_palabra_clave, id_editorial, Nombre) values ('022146LB', CONVERT (DATE,'18/03/1975',103), '00219178', '000013', 1, 1, 'id4380', 'id3311', 'Budd Boetticher: A Man Can Do That');
insert into EJEMPLAR (id, fecha_publicacion, id_autor, id_etiqueta, id_idioma, id_formato  , id_palabra_clave, id_editorial, Nombre) values ('022147LB', CONVERT (DATE,'21/03/1971',103), '00219119', '000012', 1, 2, 'id1841', 'id2713', 'Modern Times');
insert into EJEMPLAR (id, fecha_publicacion, id_autor, id_etiqueta, id_idioma, id_formato  , id_palabra_clave, id_editorial, Nombre) values ('022148LB', CONVERT (DATE,'08/03/1989',103), '00219145', '000012', 2, 1, 'id2965', 'id3493', 'Guitar, The');
insert into EJEMPLAR (id, fecha_publicacion, id_autor, id_etiqueta, id_idioma, id_formato  , id_palabra_clave, id_editorial, Nombre) values ('022149LB', CONVERT (DATE,'17/12/1978',103), '00219128', '000013', 1, 1, 'id4708', 'id3372', 'Half Moon (a.k.a. Niwemang)');
insert into EJEMPLAR (id, fecha_publicacion, id_autor, id_etiqueta, id_idioma, id_formato  , id_palabra_clave, id_editorial, Nombre) values ('022150LB', CONVERT (DATE,'15/12/1975',103), '00219195', '000013', 2, 1, 'id2326', 'id3311', 'Phenomena (a.k.a. Creepers)');
insert into EJEMPLAR (id, fecha_publicacion, id_autor, id_etiqueta, id_idioma, id_formato  , id_palabra_clave, id_editorial, Nombre) values ('022151LB', CONVERT (DATE,'13/01/1985',103), '00219122', '000011', 2, 1, 'id2965', 'id3387', 'Capital (Le capital)');
insert into EJEMPLAR (id, fecha_publicacion, id_autor, id_etiqueta, id_idioma, id_formato  , id_palabra_clave, id_editorial, Nombre) values ('022152LB', CONVERT (DATE,'10/08/1960',103), '00219136', '000013', 1, 2, 'id3771', 'id1020', 'Me Two (Personne aux deux personnes, La)');
insert into EJEMPLAR (id, fecha_publicacion, id_autor, id_etiqueta, id_idioma, id_formato  , id_palabra_clave, id_editorial, Nombre) values ('022153LB', CONVERT (DATE,'19/11/1981',103), '00219186', '000013', 1, 2, 'id1891', 'id1818', 'Pride and the Passion, The');
insert into EJEMPLAR (id, fecha_publicacion, id_autor, id_etiqueta, id_idioma, id_formato  , id_palabra_clave, id_editorial, Nombre) values ('022154LB', CONVERT (DATE,'29/11/2020',103), '00219174', '000012', 1, 2, 'id4850', 'id3371', 'Colombiana');
insert into EJEMPLAR (id, fecha_publicacion, id_autor, id_etiqueta, id_idioma, id_formato  , id_palabra_clave, id_editorial, Nombre) values ('022155LB', CONVERT (DATE,'06/11/2000',103), '00219160', '000011', 2, 1, 'id4417', 'id4762', 'Cheri');
insert into EJEMPLAR (id, fecha_publicacion, id_autor, id_etiqueta, id_idioma, id_formato  , id_palabra_clave, id_editorial, Nombre) values ('022156LB', CONVERT (DATE,'03/07/2004',103), '00219127', '000011', 2, 2, 'id1493', 'id4756', 'Earth (Zemlya)');
insert into EJEMPLAR (id, fecha_publicacion, id_autor, id_etiqueta, id_idioma, id_formato  , id_palabra_clave, id_editorial, Nombre) values ('022157LB', CONVERT (DATE,'03/03/1972',103), '00219106', '000013', 2, 1, 'id2441', 'id3371', 'Brother Sun, Sister Moon (Fratello sole, sorella luna)');
insert into EJEMPLAR (id, fecha_publicacion, id_autor, id_etiqueta, id_idioma, id_formato  , id_palabra_clave, id_editorial, Nombre) values ('022158LB', CONVERT (DATE,'06/08/1975',103), '00219160', '000013', 2, 1, 'id3135', 'id3372', 'Ernest Saves Christmas');
insert into EJEMPLAR (id, fecha_publicacion, id_autor, id_etiqueta, id_idioma, id_formato  , id_palabra_clave, id_editorial, Nombre) values ('022159LB', CONVERT (DATE,'14/06/1966',103), '00219169', '000013', 1, 1, 'id1156', 'id3390', 'Fast & Furious 6 (Fast and the Furious 6, The)');
insert into EJEMPLAR (id, fecha_publicacion, id_autor, id_etiqueta, id_idioma, id_formato  , id_palabra_clave, id_editorial, Nombre) values ('022160LB', CONVERT (DATE,'18/03/1986',103), '00219181', '000011', 1, 1, 'id1799', 'id1254', 'Given Word, The (O Pagador de Promessas)');
insert into EJEMPLAR (id, fecha_publicacion, id_autor, id_etiqueta, id_idioma, id_formato  , id_palabra_clave, id_editorial, Nombre) values ('022161LB', CONVERT (DATE,'27/10/1988',103), '00219140', '000012', 2, 2, 'id4628', 'id2465', 'Baby Doll');
insert into EJEMPLAR (id, fecha_publicacion, id_autor, id_etiqueta, id_idioma, id_formato  , id_palabra_clave, id_editorial, Nombre) values ('022162LB', CONVERT (DATE,'19/03/1985',103), '00219125', '000012', 2, 2, 'id3375', 'id2624', 'Village of the Damned');
insert into EJEMPLAR (id, fecha_publicacion, id_autor, id_etiqueta, id_idioma, id_formato  , id_palabra_clave, id_editorial, Nombre) values ('022163LB', CONVERT (DATE,'29/11/2002',103), '00219163', '000012', 2, 1, 'id2852', 'id3371', 'Alex in Wonderland');
insert into EJEMPLAR (id, fecha_publicacion, id_autor, id_etiqueta, id_idioma, id_formato  , id_palabra_clave, id_editorial, Nombre) values ('022164LB', CONVERT (DATE,'24/02/2007',103), '00219187', '000013', 2, 1, 'id4850', 'id3372', 'Night of the Hunter, The');
insert into EJEMPLAR (id, fecha_publicacion, id_autor, id_etiqueta, id_idioma, id_formato  , id_palabra_clave, id_editorial, Nombre) values ('022165LB', CONVERT (DATE,'28/10/1960',103), '00219124', '000011', 2, 2, 'id1503', 'id4762', 'Cadaver Christmas, A');
insert into EJEMPLAR (id, fecha_publicacion, id_autor, id_etiqueta, id_idioma, id_formato  , id_palabra_clave, id_editorial, Nombre) values ('022166LB', CONVERT (DATE,'30/06/1962',103), '00219190', '000013', 1, 2, 'id2441', 'id2586', 'Snatch');
insert into EJEMPLAR (id, fecha_publicacion, id_autor, id_etiqueta, id_idioma, id_formato  , id_palabra_clave, id_editorial, Nombre) values ('022167LB', CONVERT (DATE,'05/01/1960',103), '00219171', '000011', 1, 1, 'id4265', 'id1020', 'Unknown Soldier, The (Tuntematon sotilas)');
insert into EJEMPLAR (id, fecha_publicacion, id_autor, id_etiqueta, id_idioma, id_formato  , id_palabra_clave, id_editorial, Nombre) values ('022168LB', CONVERT (DATE,'31/12/1972',103), '00219151', '000013', 1, 1, 'id3449', 'id3372', 'Prestige, The');
insert into EJEMPLAR (id, fecha_publicacion, id_autor, id_etiqueta, id_idioma, id_formato  , id_palabra_clave, id_editorial, Nombre) values ('022169LB', CONVERT (DATE,'17/05/1980',103), '00219172', '000013', 2, 1, 'id3179', 'id4762', 'Like Father, Like Son (Soshite chichi ni naru)');
insert into EJEMPLAR (id, fecha_publicacion, id_autor, id_etiqueta, id_idioma, id_formato  , id_palabra_clave, id_editorial, Nombre) values ('022170LB', CONVERT (DATE,'01/03/2014',103), '00219164', '000011', 1, 1, 'id1503', 'id3371', 'Mindwalk');
insert into EJEMPLAR (id, fecha_publicacion, id_autor, id_etiqueta, id_idioma, id_formato  , id_palabra_clave, id_editorial, Nombre) values ('022171LB', CONVERT (DATE,'27/11/1983',103), '00219169', '000012', 2, 2, 'id4699', 'id2713', 'Piano in a Factory, The (Gang de qin)');
insert into EJEMPLAR (id, fecha_publicacion, id_autor, id_etiqueta, id_idioma, id_formato  , id_palabra_clave, id_editorial, Nombre) values ('022172LB', CONVERT (DATE,'23/07/1961',103), '00219148', '000013', 2, 1, 'id1891', 'id4516', 'Witnesses, The (Les témoins)');
insert into EJEMPLAR (id, fecha_publicacion, id_autor, id_etiqueta, id_idioma, id_formato  , id_palabra_clave, id_editorial, Nombre) values ('022173LB', CONVERT (DATE,'31/08/1987',103), '00219148', '000011', 2, 2, 'id4380', 'id2713', 'Tropical Malady (Sud pralad)');
insert into EJEMPLAR (id, fecha_publicacion, id_autor, id_etiqueta, id_idioma, id_formato  , id_palabra_clave, id_editorial, Nombre) values ('022174LB', CONVERT (DATE,'01/11/1962',103), '00219156', '000012', 2, 1, 'id2432', 'id1818', 'Pretty Baby');
insert into EJEMPLAR (id, fecha_publicacion, id_autor, id_etiqueta, id_idioma, id_formato  , id_palabra_clave, id_editorial, Nombre) values ('022175LB', CONVERT (DATE,'26/07/2008',103), '00219104', '000011', 2, 1, 'id2250', 'id3372', 'Paths of Hate');
insert into EJEMPLAR (id, fecha_publicacion, id_autor, id_etiqueta, id_idioma, id_formato  , id_palabra_clave, id_editorial, Nombre) values ('022176LB', CONVERT (DATE,'18/12/2016',103), '00219188', '000012', 1, 2, 'id3591', 'id3390', 'Jerk, The');
insert into EJEMPLAR (id, fecha_publicacion, id_autor, id_etiqueta, id_idioma, id_formato  , id_palabra_clave, id_editorial, Nombre) values ('022177LB', CONVERT (DATE,'24/02/1984',103), '00219161', '000011', 2, 1, 'id4685', 'id1818', 'Out of Life (Hors la vie)');
insert into EJEMPLAR (id, fecha_publicacion, id_autor, id_etiqueta, id_idioma, id_formato  , id_palabra_clave, id_editorial, Nombre) values ('022178LB', CONVERT (DATE,'09/08/2018',103), '00219170', '000011', 1, 2, 'id2882', 'id2713', 'Scalphunters, The');
insert into EJEMPLAR (id, fecha_publicacion, id_autor, id_etiqueta, id_idioma, id_formato  , id_palabra_clave, id_editorial, Nombre) values ('022179LB', CONVERT (DATE,'05/04/1981',103), '00219117', '000011', 2, 2, 'id3926', 'id3390', 'Halloween');
insert into EJEMPLAR (id, fecha_publicacion, id_autor, id_etiqueta, id_idioma, id_formato  , id_palabra_clave, id_editorial, Nombre) values ('022180LB', CONVERT (DATE,'22/05/1980',103), '00219164', '000011', 1, 2, 'id3342', 'id3311', 'Out of the Blue');
insert into EJEMPLAR (id, fecha_publicacion, id_autor, id_etiqueta, id_idioma, id_formato  , id_palabra_clave, id_editorial, Nombre) values ('022181LB', CONVERT (DATE,'06/09/1988',103), '00219189', '000011', 1, 2, 'id2393', 'id3371', 'Disturbing Behavior');
insert into EJEMPLAR (id, fecha_publicacion, id_autor, id_etiqueta, id_idioma, id_formato  , id_palabra_clave, id_editorial, Nombre) values ('022182LB', CONVERT (DATE,'21/01/2017',103), '00219164', '000011', 2, 2, 'id3449', 'id3311', 'Kill a Rat');
insert into EJEMPLAR (id, fecha_publicacion, id_autor, id_etiqueta, id_idioma, id_formato  , id_palabra_clave, id_editorial, Nombre) values ('022183LB', CONVERT (DATE,'21/12/2018',103), '00219150', '000012', 2, 2, 'id1410', 'id3311', 'Mystery Road');
insert into EJEMPLAR (id, fecha_publicacion, id_autor, id_etiqueta, id_idioma, id_formato  , id_palabra_clave, id_editorial, Nombre) values ('022184LB', CONVERT (DATE,'21/05/1975',103), '00219130', '000012', 1, 1, 'id3179', 'id4756', 'Faces in the Crowd');
insert into EJEMPLAR (id, fecha_publicacion, id_autor, id_etiqueta, id_idioma, id_formato  , id_palabra_clave, id_editorial, Nombre) values ('022185LB', CONVERT (DATE,'20/12/1977',103), '00219149', '000011', 2, 2, 'id3342', 'id4762', 'How Wang-Fo Was Saved (Comment Wang-Fo fut sauvé)');
insert into EJEMPLAR (id, fecha_publicacion, id_autor, id_etiqueta, id_idioma, id_formato  , id_palabra_clave, id_editorial, Nombre) values ('022186LB', CONVERT (DATE,'18/03/1999',103), '00219157', '000012', 1, 1, 'id4699', 'id3387', 'Loser Takes All, The (O hamenos ta pairnei ola)');
insert into EJEMPLAR (id, fecha_publicacion, id_autor, id_etiqueta, id_idioma, id_formato  , id_palabra_clave, id_editorial, Nombre) values ('022187LB', CONVERT (DATE,'05/03/1978',103), '00219158', '000011', 2, 2, 'id3361', 'id3311', 'Must Read After My Death');
insert into EJEMPLAR (id, fecha_publicacion, id_autor, id_etiqueta, id_idioma, id_formato  , id_palabra_clave, id_editorial, Nombre) values ('022188LB', CONVERT (DATE,'06/06/1992',103), '00219120', '000012', 1, 1, 'id4230', 'id3372', 'Finding Amanda');
insert into EJEMPLAR (id, fecha_publicacion, id_autor, id_etiqueta, id_idioma, id_formato  , id_palabra_clave, id_editorial, Nombre) values ('022189LB', CONVERT (DATE,'15/08/1985',103), '00219117', '000012', 1, 1, 'id2326', 'id1740', 'Men in Black II (a.k.a. MIIB) (a.k.a. MIB 2)');
insert into EJEMPLAR (id, fecha_publicacion, id_autor, id_etiqueta, id_idioma, id_formato  , id_palabra_clave, id_editorial, Nombre) values ('022190LB', CONVERT (DATE,'31/08/1973',103), '00219169', '000011', 1, 2, 'id1596', 'id4756', 'Within Limits (Liikkumavara)');
insert into EJEMPLAR (id, fecha_publicacion, id_autor, id_etiqueta, id_idioma, id_formato  , id_palabra_clave, id_editorial, Nombre) values ('022191LB', CONVERT (DATE,'23/01/2018',103), '00219107', '000012', 2, 1, 'id1178', 'id3390', 'TMNT (Teenage Mutant Ninja Turtles)');
insert into EJEMPLAR (id, fecha_publicacion, id_autor, id_etiqueta, id_idioma, id_formato  , id_palabra_clave, id_editorial, Nombre) values ('022192LB', CONVERT (DATE,'19/02/1993',103), '00219104', '000012', 2, 2, 'id3943', 'id3371', 'Shall We Dance?');
insert into EJEMPLAR (id, fecha_publicacion, id_autor, id_etiqueta, id_idioma, id_formato  , id_palabra_clave, id_editorial, Nombre) values ('022193LB', CONVERT (DATE,'18/05/1970',103), '00219103', '000011', 2, 2, 'id1916', 'id2624', 'You Only Live Twice');
insert into EJEMPLAR (id, fecha_publicacion, id_autor, id_etiqueta, id_idioma, id_formato  , id_palabra_clave, id_editorial, Nombre) values ('022194LB', CONVERT (DATE,'02/11/1963',103), '00219178', '000012', 2, 2, 'id1596', 'id3372', 'Garfield''s Fun Fest');
insert into EJEMPLAR (id, fecha_publicacion, id_autor, id_etiqueta, id_idioma, id_formato  , id_palabra_clave, id_editorial, Nombre) values ('022195LB', CONVERT (DATE,'25/06/1998',103), '00219132', '000011', 1, 1, 'id4699', 'id4756', 'Bad Men of Missouri');
insert into EJEMPLAR (id, fecha_publicacion, id_autor, id_etiqueta, id_idioma, id_formato  , id_palabra_clave, id_editorial, Nombre) values ('022196LB', CONVERT (DATE,'11/06/1963',103), '00219111', '000012', 2, 1, 'id1267', 'id2465', '20 Dates');
insert into EJEMPLAR (id, fecha_publicacion, id_autor, id_etiqueta, id_idioma, id_formato  , id_palabra_clave, id_editorial, Nombre) values ('022197LB', CONVERT (DATE,'28/01/1960',103), '00219140', '000013', 1, 1, 'id4417', 'id3372', 'Thank You for Smoking');
insert into EJEMPLAR (id, fecha_publicacion, id_autor, id_etiqueta, id_idioma, id_formato  , id_palabra_clave, id_editorial, Nombre) values ('022198LB', CONVERT (DATE,'02/07/1973',103), '00219178', '000011', 1, 1, 'id2203', 'id3390', 'Get the Gringo');
insert into EJEMPLAR (id, fecha_publicacion, id_autor, id_etiqueta, id_idioma, id_formato  , id_palabra_clave, id_editorial, Nombre) values ('022199LB', CONVERT (DATE,'09/04/2012',103), '00219103', '000012', 2, 1, 'id1496', 'id1254', 'Underground Comedy Movie, The');
insert into EJEMPLAR (id, fecha_publicacion, id_autor, id_etiqueta, id_idioma, id_formato  , id_palabra_clave, id_editorial, Nombre) values ('022200LB', CONVERT (DATE,'17/12/1969',103), '00219175', '000012', 1, 2, 'id3076', 'id2465', 'Stretch');
insert into EJEMPLAR (id, fecha_publicacion, id_autor, id_etiqueta, id_idioma, id_formato  , id_palabra_clave, id_editorial, Nombre) values ('022201LB', CONVERT (DATE,'30/10/2016',103), '00219126', '000011', 1, 2, 'id2280', 'id3371', 'Coupe de Ville');
insert into EJEMPLAR (id, fecha_publicacion, id_autor, id_etiqueta, id_idioma, id_formato  , id_palabra_clave, id_editorial, Nombre) values ('022202LB', CONVERT (DATE,'26/08/2019',103), '00219126', '000011', 1, 1, 'id1776', 'id3390', 'Bravados, The');
insert into EJEMPLAR (id, fecha_publicacion, id_autor, id_etiqueta, id_idioma, id_formato  , id_palabra_clave, id_editorial, Nombre) values ('022203LB', CONVERT (DATE,'27/06/2005',103), '00219138', '000012', 2, 1, 'id4717', 'id1740', 'Not Easily Broken');
insert into EJEMPLAR (id, fecha_publicacion, id_autor, id_etiqueta, id_idioma, id_formato  , id_palabra_clave, id_editorial, Nombre) values ('022204LB', CONVERT (DATE,'02/02/2003',103), '00219123', '000011', 2, 1, 'id4850', 'id1654', 'Girls Town');
insert into EJEMPLAR (id, fecha_publicacion, id_autor, id_etiqueta, id_idioma, id_formato  , id_palabra_clave, id_editorial, Nombre) values ('022205LB', CONVERT (DATE,'09/08/1963',103), '00219165', '000012', 1, 1, 'id2393', 'id2465', 'Lies My Father Told Me');
insert into EJEMPLAR (id, fecha_publicacion, id_autor, id_etiqueta, id_idioma, id_formato  , id_palabra_clave, id_editorial, Nombre) values ('022206LB', CONVERT (DATE,'12/12/1998',103), '00219176', '000012', 2, 1, 'id1656', 'id3493', 'Brown''s Requiem');
insert into EJEMPLAR (id, fecha_publicacion, id_autor, id_etiqueta, id_idioma, id_formato  , id_palabra_clave, id_editorial, Nombre) values ('022207LB', CONVERT (DATE,'26/05/1970',103), '00219136', '000011', 2, 1, 'id3824', 'id3387', 'Me and the Colonel ');
insert into EJEMPLAR (id, fecha_publicacion, id_autor, id_etiqueta, id_idioma, id_formato  , id_palabra_clave, id_editorial, Nombre) values ('022208LB', CONVERT (DATE,'23/01/2022',103), '00219167', '000013', 1, 1, 'id1656', 'id3493', 'Ex-Lady');
insert into EJEMPLAR (id, fecha_publicacion, id_autor, id_etiqueta, id_idioma, id_formato  , id_palabra_clave, id_editorial, Nombre) values ('022209LB', CONVERT (DATE,'22/10/1962',103), '00219191', '000011', 2, 1, 'id1776', 'id3493', 'Jacob the Liar (Jakob, der Lügner)');
insert into EJEMPLAR (id, fecha_publicacion, id_autor, id_etiqueta, id_idioma, id_formato  , id_palabra_clave, id_editorial, Nombre) values ('022210LB', CONVERT (DATE,'30/01/1982',103), '00219125', '000012', 2, 2, 'id3361', 'id4516', 'Hamlet');
insert into EJEMPLAR (id, fecha_publicacion, id_autor, id_etiqueta, id_idioma, id_formato  , id_palabra_clave, id_editorial, Nombre) values ('022211LB', CONVERT (DATE,'10/09/2000',103), '00219137', '000011', 2, 1, 'id4685', 'id3311', 'Streamers');
insert into EJEMPLAR (id, fecha_publicacion, id_autor, id_etiqueta, id_idioma, id_formato  , id_palabra_clave, id_editorial, Nombre) values ('022212LB', CONVERT (DATE,'11/07/2010',103), '00219194', '000011', 1, 1, 'id1970', 'id1654', 'Perfect Holiday, The');
insert into EJEMPLAR (id, fecha_publicacion, id_autor, id_etiqueta, id_idioma, id_formato  , id_palabra_clave, id_editorial, Nombre) values ('022213LB', CONVERT (DATE,'29/03/1970',103), '00219118', '000011', 2, 2, 'id2729', 'id1654', 'Ashes, The (Popioly)');
insert into EJEMPLAR (id, fecha_publicacion, id_autor, id_etiqueta, id_idioma, id_formato  , id_palabra_clave, id_editorial, Nombre) values ('022214LB', CONVERT (DATE,'29/10/1974',103), '00219132', '000012', 1, 1, 'id3591', 'id1020', 'Summit, The');
insert into EJEMPLAR (id, fecha_publicacion, id_autor, id_etiqueta, id_idioma, id_formato  , id_palabra_clave, id_editorial, Nombre) values ('022215LB', CONVERT (DATE,'22/02/1978',103), '00219144', '000011', 2, 1, 'id3179', 'id3493', 'Dark Woods (Villmark)');
insert into EJEMPLAR (id, fecha_publicacion, id_autor, id_etiqueta, id_idioma, id_formato  , id_palabra_clave, id_editorial, Nombre) values ('022216LB', CONVERT (DATE,'02/10/2003',103), '00219165', '000011', 2, 1, 'id2274', 'id2465', 'Bestiaire');
insert into EJEMPLAR (id, fecha_publicacion, id_autor, id_etiqueta, id_idioma, id_formato  , id_palabra_clave, id_editorial, Nombre) values ('022217LB', CONVERT (DATE,'31/05/2003',103), '00219151', '000012', 2, 2, 'id1178', 'id3390', 'The Challenge');
insert into EJEMPLAR (id, fecha_publicacion, id_autor, id_etiqueta, id_idioma, id_formato  , id_palabra_clave, id_editorial, Nombre) values ('022218LB', CONVERT (DATE,'09/03/1964',103), '00219104', '000011', 1, 2, 'id4755', 'id2624', 'Berlin Calling');
insert into EJEMPLAR (id, fecha_publicacion, id_autor, id_etiqueta, id_idioma, id_formato  , id_palabra_clave, id_editorial, Nombre) values ('022219LB', CONVERT (DATE,'04/09/1965',103), '00219103', '000012', 2, 1, 'id1841', 'id1654', 'Bar Girls');
insert into EJEMPLAR (id, fecha_publicacion, id_autor, id_etiqueta, id_idioma, id_formato  , id_palabra_clave, id_editorial, Nombre) values ('022220LB', CONVERT (DATE,'18/10/2004',103), '00219151', '000013', 2, 1, 'id2393', 'id3311', 'Welcome to the Punch');
insert into EJEMPLAR (id, fecha_publicacion, id_autor, id_etiqueta, id_idioma, id_formato  , id_palabra_clave, id_editorial, Nombre) values ('022221LB', CONVERT (DATE,'24/07/1967',103), '00219181', '000011', 1, 1, 'id1916', 'id4756', 'Perfect');
insert into EJEMPLAR (id, fecha_publicacion, id_autor, id_etiqueta, id_idioma, id_formato  , id_palabra_clave, id_editorial, Nombre) values ('022222LB', CONVERT (DATE,'17/11/1968',103), '00219148', '000012', 1, 2, 'id2142', 'id2465', 'Jitney Elopement, A');
insert into EJEMPLAR (id, fecha_publicacion, id_autor, id_etiqueta, id_idioma, id_formato  , id_palabra_clave, id_editorial, Nombre) values ('022223LB', CONVERT (DATE,'15/03/2019',103), '00219149', '000011', 2, 2, 'id1852', 'id2465', 'She No Longer Talks, She Shoots');
insert into EJEMPLAR (id, fecha_publicacion, id_autor, id_etiqueta, id_idioma, id_formato  , id_palabra_clave, id_editorial, Nombre) values ('022224LB', CONVERT (DATE,'17/02/1984',103), '00219173', '000012', 2, 2, 'id3838', 'id2624', 'Older Brother, Younger Sister (Ani imôto)');
insert into EJEMPLAR (id, fecha_publicacion, id_autor, id_etiqueta, id_idioma, id_formato  , id_palabra_clave, id_editorial, Nombre) values ('022225LB', CONVERT (DATE,'12/04/2010',103), '00219119', '000012', 1, 1, 'id1493', 'id3387', 'Five Wives, Three Secretaries and Me');
insert into EJEMPLAR (id, fecha_publicacion, id_autor, id_etiqueta, id_idioma, id_formato  , id_palabra_clave, id_editorial, Nombre) values ('022226LB', CONVERT (DATE,'08/01/2003',103), '00219106', '000012', 1, 1, 'id4265', 'id4762', 'This Above All');
insert into EJEMPLAR (id, fecha_publicacion, id_autor, id_etiqueta, id_idioma, id_formato  , id_palabra_clave, id_editorial, Nombre) values ('022227LB', CONVERT (DATE,'17/03/2017',103), '00219127', '000012', 2, 2, 'id4755', 'id3372', 'You''re a Big Boy Now');
insert into EJEMPLAR (id, fecha_publicacion, id_autor, id_etiqueta, id_idioma, id_formato  , id_palabra_clave, id_editorial, Nombre) values ('022228LB', CONVERT (DATE,'08/09/1973',103), '00219109', '000011', 2, 2, 'id4230', 'id2713', 'The Strange Affair');
insert into EJEMPLAR (id, fecha_publicacion, id_autor, id_etiqueta, id_idioma, id_formato  , id_palabra_clave, id_editorial, Nombre) values ('022229LB', CONVERT (DATE,'21/08/1973',103), '00219110', '000012', 1, 2, 'id1366', 'id3390', 'Anatomy of a Love Seen');
insert into EJEMPLAR (id, fecha_publicacion, id_autor, id_etiqueta, id_idioma, id_formato  , id_palabra_clave, id_editorial, Nombre) values ('022230LB', CONVERT (DATE,'07/09/2007',103), '00219151', '000012', 2, 2, 'id1267', 'id2586', 'Aziz Ansari: Intimate Moments for a Sensual Evening');
insert into EJEMPLAR (id, fecha_publicacion, id_autor, id_etiqueta, id_idioma, id_formato  , id_palabra_clave, id_editorial, Nombre) values ('022231LB', CONVERT (DATE,'17/01/1984',103), '00219150', '000012', 1, 1, 'id1182', 'id2586', 'What''s Up, Doc?');
insert into EJEMPLAR (id, fecha_publicacion, id_autor, id_etiqueta, id_idioma, id_formato  , id_palabra_clave, id_editorial, Nombre) values ('022232LB', CONVERT (DATE,'17/09/1983',103), '00219110', '000012', 1, 2, 'id1493', 'id2624', '911 in Plane Site');
insert into EJEMPLAR (id, fecha_publicacion, id_autor, id_etiqueta, id_idioma, id_formato  , id_palabra_clave, id_editorial, Nombre) values ('022233LB', CONVERT (DATE,'30/01/1974',103), '00219174', '000011', 2, 1, 'id3943', 'id3371', 'Girl');
insert into EJEMPLAR (id, fecha_publicacion, id_autor, id_etiqueta, id_idioma, id_formato  , id_palabra_clave, id_editorial, Nombre) values ('022234LB', CONVERT (DATE,'02/02/1991',103), '00219170', '000012', 2, 1, 'id3637', 'id3311', 'Unlikely Weapon, An');
insert into EJEMPLAR (id, fecha_publicacion, id_autor, id_etiqueta, id_idioma, id_formato  , id_palabra_clave, id_editorial, Nombre) values ('022235LB', CONVERT (DATE,'14/09/1998',103), '00219178', '000013', 1, 2, 'id3179', 'id2624', 'Knocked Up');
insert into EJEMPLAR (id, fecha_publicacion, id_autor, id_etiqueta, id_idioma, id_formato  , id_palabra_clave, id_editorial, Nombre) values ('022236LB', CONVERT (DATE,'29/07/2015',103), '00219167', '000012', 2, 1, 'id2953', 'id3371', 'Letter From Death Row, A');
insert into EJEMPLAR (id, fecha_publicacion, id_autor, id_etiqueta, id_idioma, id_formato  , id_palabra_clave, id_editorial, Nombre) values ('022237LB', CONVERT (DATE,'19/03/2011',103), '00219121', '000013', 1, 2, 'id3838', 'id1254', 'Our Blushing Brides');
insert into EJEMPLAR (id, fecha_publicacion, id_autor, id_etiqueta, id_idioma, id_formato  , id_palabra_clave, id_editorial, Nombre) values ('022238LB', CONVERT (DATE,'20/09/1976',103), '00219178', '000012', 1, 1, 'id2882', 'id4762', 'Sound of Insects, The');
insert into EJEMPLAR (id, fecha_publicacion, id_autor, id_etiqueta, id_idioma, id_formato  , id_palabra_clave, id_editorial, Nombre) values ('022239LB', CONVERT (DATE,'19/10/1968',103), '00219174', '000011', 1, 1, 'id3591', 'id4756', 'Peepli Live');
insert into EJEMPLAR (id, fecha_publicacion, id_autor, id_etiqueta, id_idioma, id_formato  , id_palabra_clave, id_editorial, Nombre) values ('022240LB', CONVERT (DATE,'01/07/1962',103), '00219103', '000013', 1, 2, 'id1529', 'id2624', 'Middle of the World, The (O Caminho das Nuvens)');
insert into EJEMPLAR (id, fecha_publicacion, id_autor, id_etiqueta, id_idioma, id_formato  , id_palabra_clave, id_editorial, Nombre) values ('022241LB', CONVERT (DATE,'26/03/1981',103), '00219138', '000013', 1, 1, 'id3342', 'id3387', 'Frontière(s)');
insert into EJEMPLAR (id, fecha_publicacion, id_autor, id_etiqueta, id_idioma, id_formato  , id_palabra_clave, id_editorial, Nombre) values ('022242LB', CONVERT (DATE,'14/11/1968',103), '00219140', '000011', 2, 1, 'id1916', 'id2713', 'Here Comes the Groom');
insert into EJEMPLAR (id, fecha_publicacion, id_autor, id_etiqueta, id_idioma, id_formato  , id_palabra_clave, id_editorial, Nombre) values ('022243LB', CONVERT (DATE,'15/07/2003',103), '00219131', '000011', 2, 1, 'id1178', 'id4516', 'Whiteboyz');
insert into EJEMPLAR (id, fecha_publicacion, id_autor, id_etiqueta, id_idioma, id_formato  , id_palabra_clave, id_editorial, Nombre) values ('022244LB', CONVERT (DATE,'08/06/1983',103), '00219121', '000011', 2, 1, 'id4717', 'id1654', 'Yogi Bear');
insert into EJEMPLAR (id, fecha_publicacion, id_autor, id_etiqueta, id_idioma, id_formato  , id_palabra_clave, id_editorial, Nombre) values ('022245LB', CONVERT (DATE,'13/12/1990',103), '00219109', '000013', 1, 1, 'id3787', 'id2465', 'Hail the Conquering Hero');
insert into EJEMPLAR (id, fecha_publicacion, id_autor, id_etiqueta, id_idioma, id_formato  , id_palabra_clave, id_editorial, Nombre) values ('022246LB', CONVERT (DATE,'22/07/1972',103), '00219190', '000011', 2, 1, 'id4936', 'id1020', 'Saint, The');
insert into EJEMPLAR (id, fecha_publicacion, id_autor, id_etiqueta, id_idioma, id_formato  , id_palabra_clave, id_editorial, Nombre) values ('022247LB', CONVERT (DATE,'16/03/1978',103), '00219130', '000012', 2, 1, 'id4755', 'id1740', 'Night of the Creeps');
insert into EJEMPLAR (id, fecha_publicacion, id_autor, id_etiqueta, id_idioma, id_formato  , id_palabra_clave, id_editorial, Nombre) values ('022248LB', CONVERT (DATE,'03/02/1965',103), '00219122', '000011', 2, 1, 'id2561', 'id3387', 'Uninvited, The');
insert into EJEMPLAR (id, fecha_publicacion, id_autor, id_etiqueta, id_idioma, id_formato  , id_palabra_clave, id_editorial, Nombre) values ('022249LB', CONVERT (DATE,'09/06/1965',103), '00219139', '000013', 2, 2, 'id1366', 'id2586', 'Riki-Oh: The Story of Ricky (Lik Wong)');
insert into EJEMPLAR (id, fecha_publicacion, id_autor, id_etiqueta, id_idioma, id_formato  , id_palabra_clave, id_editorial, Nombre) values ('022250LB', CONVERT (DATE,'05/09/2006',103), '00219184', '000012', 2, 2, 'id4496', 'id1818', 'Weather Underground, The');
insert into EJEMPLAR (id, fecha_publicacion, id_autor, id_etiqueta, id_idioma, id_formato  , id_palabra_clave, id_editorial, Nombre) values ('022251LB', CONVERT (DATE,'24/04/2016',103), '00219112', '000011', 2, 1, 'id4699', 'id2586', 'Rhino Season (Fasle kargadan) ');
insert into EJEMPLAR (id, fecha_publicacion, id_autor, id_etiqueta, id_idioma, id_formato  , id_palabra_clave, id_editorial, Nombre) values ('022252LB', CONVERT (DATE,'05/05/1986',103), '00219185', '000011', 2, 2, 'id3342', 'id3493', 'Secret of the Grain, The (La graine et le mulet)');
insert into EJEMPLAR (id, fecha_publicacion, id_autor, id_etiqueta, id_idioma, id_formato  , id_palabra_clave, id_editorial, Nombre) values ('022253LB', CONVERT (DATE,'07/12/1960',103), '00219181', '000013', 2, 1, 'id4685', 'id2624', 'After Porn Ends');
insert into EJEMPLAR (id, fecha_publicacion, id_autor, id_etiqueta, id_idioma, id_formato  , id_palabra_clave, id_editorial, Nombre) values ('022254LB', CONVERT (DATE,'21/07/2003',103), '00219147', '000013', 1, 2, 'id2882', 'id2713', 'Blow Out');
insert into EJEMPLAR (id, fecha_publicacion, id_autor, id_etiqueta, id_idioma, id_formato  , id_palabra_clave, id_editorial, Nombre) values ('022255LB', CONVERT (DATE,'09/07/1986',103), '00219141', '000012', 1, 2, 'id1503', 'id3390', 'Sheltering Sky, The');
insert into EJEMPLAR (id, fecha_publicacion, id_autor, id_etiqueta, id_idioma, id_formato  , id_palabra_clave, id_editorial, Nombre) values ('022256LB', CONVERT (DATE,'15/08/2007',103), '00219195', '000012', 2, 2, 'id1529', 'id4756', 'M. Butterfly');
insert into EJEMPLAR (id, fecha_publicacion, id_autor, id_etiqueta, id_idioma, id_formato  , id_palabra_clave, id_editorial, Nombre) values ('022257LB', CONVERT (DATE,'06/11/1984',103), '00219103', '000013', 2, 2, 'id2034', 'id2465', 'Welcome to the Space Show (Uchû shô e yôkoso)');
insert into EJEMPLAR (id, fecha_publicacion, id_autor, id_etiqueta, id_idioma, id_formato  , id_palabra_clave, id_editorial, Nombre) values ('022258LB', CONVERT (DATE,'23/01/2010',103), '00219182', '000011', 2, 1, 'id2953', 'id2586', 'Animal Room');
insert into EJEMPLAR (id, fecha_publicacion, id_autor, id_etiqueta, id_idioma, id_formato  , id_palabra_clave, id_editorial, Nombre) values ('022259LB', CONVERT (DATE,'07/08/1983',103), '00219196', '000013', 1, 1, 'id3113', 'id1254', 'Divine Trash');
insert into EJEMPLAR (id, fecha_publicacion, id_autor, id_etiqueta, id_idioma, id_formato  , id_palabra_clave, id_editorial, Nombre) values ('022260LB', CONVERT (DATE,'08/06/1979',103), '00219171', '000012', 2, 1, 'id4708', 'id3390', 'Club Dread');
insert into EJEMPLAR (id, fecha_publicacion, id_autor, id_etiqueta, id_idioma, id_formato  , id_palabra_clave, id_editorial, Nombre) values ('022261LB', CONVERT (DATE,'27/11/2006',103), '00219173', '000013', 2, 2, 'id1852', 'id3311', 'Babymother');
insert into EJEMPLAR (id, fecha_publicacion, id_autor, id_etiqueta, id_idioma, id_formato  , id_palabra_clave, id_editorial, Nombre) values ('022262LB', CONVERT (DATE,'26/08/1998',103), '00219105', '000012', 1, 2, 'id1970', 'id3311', 'Cry of the Banshee');
insert into EJEMPLAR (id, fecha_publicacion, id_autor, id_etiqueta, id_idioma, id_formato  , id_palabra_clave, id_editorial, Nombre) values ('022263LB', CONVERT (DATE,'13/06/2008',103), '00219173', '000011', 2, 1, 'id4387', 'id2586', 'Winterhawk');
insert into EJEMPLAR (id, fecha_publicacion, id_autor, id_etiqueta, id_idioma, id_formato  , id_palabra_clave, id_editorial, Nombre) values ('022264LB', CONVERT (DATE,'02/02/2015',103), '00219190', '000011', 2, 2, 'id3113', 'id3390', 'Cover-Up');
insert into EJEMPLAR (id, fecha_publicacion, id_autor, id_etiqueta, id_idioma, id_formato  , id_palabra_clave, id_editorial, Nombre) values ('022265LB', CONVERT (DATE,'17/03/1995',103), '00219179', '000012', 2, 2, 'id2441', 'id3371', 'Bringing Up Baby');
insert into EJEMPLAR (id, fecha_publicacion, id_autor, id_etiqueta, id_idioma, id_formato  , id_palabra_clave, id_editorial, Nombre) values ('022266LB', CONVERT (DATE,'12/06/1994',103), '00219193', '000011', 1, 1, 'id3375', 'id1740', 'Coriolanus');
insert into EJEMPLAR (id, fecha_publicacion, id_autor, id_etiqueta, id_idioma, id_formato  , id_palabra_clave, id_editorial, Nombre) values ('022267LB', CONVERT (DATE,'31/10/1963',103), '00219195', '000012', 2, 2, 'id2882', 'id1818', 'Nine Deaths of the Ninja');
insert into EJEMPLAR (id, fecha_publicacion, id_autor, id_etiqueta, id_idioma, id_formato  , id_palabra_clave, id_editorial, Nombre) values ('022268LB', CONVERT (DATE,'08/01/2006',103), '00219154', '000012', 2, 1, 'id1970', 'id4516', 'Dust in the Wind (Lian lian feng chen)');
insert into EJEMPLAR (id, fecha_publicacion, id_autor, id_etiqueta, id_idioma, id_formato  , id_palabra_clave, id_editorial, Nombre) values ('022269LB', CONVERT (DATE,'07/09/1984',103), '00219121', '000013', 2, 2, 'id3470', 'id3493', 'Whitey: United States of America v. James J. Bulger');
insert into EJEMPLAR (id, fecha_publicacion, id_autor, id_etiqueta, id_idioma, id_formato  , id_palabra_clave, id_editorial, Nombre) values ('022270LB', CONVERT (DATE,'15/02/2012',103), '00219139', '000013', 1, 2, 'id1169', 'id4762', 'Star Trek: First Contact');
insert into EJEMPLAR (id, fecha_publicacion, id_autor, id_etiqueta, id_idioma, id_formato  , id_palabra_clave, id_editorial, Nombre) values ('022271LB', CONVERT (DATE,'03/09/1996',103), '00219176', '000013', 1, 2, 'id3838', 'id1020', '2:22');
insert into EJEMPLAR (id, fecha_publicacion, id_autor, id_etiqueta, id_idioma, id_formato  , id_palabra_clave, id_editorial, Nombre) values ('022272LB', CONVERT (DATE,'01/05/1965',103), '00219155', '000012', 2, 1, 'id3943', 'id3371', 'One Lucky Elephant');
insert into EJEMPLAR (id, fecha_publicacion, id_autor, id_etiqueta, id_idioma, id_formato  , id_palabra_clave, id_editorial, Nombre) values ('022273LB', CONVERT (DATE,'05/09/2014',103), '00219161', '000011', 1, 1, 'id3153', 'id3372', 'Lost Skeleton Returns Again, The');
insert into EJEMPLAR (id, fecha_publicacion, id_autor, id_etiqueta, id_idioma, id_formato  , id_palabra_clave, id_editorial, Nombre) values ('022274LB', CONVERT (DATE,'19/01/2005',103), '00219184', '000012', 1, 1, 'id3838', 'id4516', 'Euphoria (Eyforiya)');
insert into EJEMPLAR (id, fecha_publicacion, id_autor, id_etiqueta, id_idioma, id_formato  , id_palabra_clave, id_editorial, Nombre) values ('022275LB', CONVERT (DATE,'09/01/1981',103), '00219121', '000011', 2, 1, 'id2882', 'id4762', 'Saawariya');
insert into EJEMPLAR (id, fecha_publicacion, id_autor, id_etiqueta, id_idioma, id_formato  , id_palabra_clave, id_editorial, Nombre) values ('022276LB', CONVERT (DATE,'04/01/1989',103), '00219128', '000012', 1, 1, 'id4803', 'id2465', 'Remote Control');
insert into EJEMPLAR (id, fecha_publicacion, id_autor, id_etiqueta, id_idioma, id_formato  , id_palabra_clave, id_editorial, Nombre) values ('022277LB', CONVERT (DATE,'01/06/1975',103), '00219192', '000013', 2, 1, 'id1596', 'id2465', 'Ledge, The');
insert into EJEMPLAR (id, fecha_publicacion, id_autor, id_etiqueta, id_idioma, id_formato  , id_palabra_clave, id_editorial, Nombre) values ('022278LB', CONVERT (DATE,'13/06/1968',103), '00219177', '000011', 1, 1, 'id2142', 'id3372', 'Molière');
insert into EJEMPLAR (id, fecha_publicacion, id_autor, id_etiqueta, id_idioma, id_formato  , id_palabra_clave, id_editorial, Nombre) values ('022279LB', CONVERT (DATE,'14/07/2016',103), '00219144', '000013', 1, 1, 'id4699', 'id3372', 'Mammuth');
insert into EJEMPLAR (id, fecha_publicacion, id_autor, id_etiqueta, id_idioma, id_formato  , id_palabra_clave, id_editorial, Nombre) values ('022280LB', CONVERT (DATE,'04/08/1965',103), '00219155', '000012', 2, 1, 'id4699', 'id3493', 'French Fried Vacation (Les Bronzés)');
insert into EJEMPLAR (id, fecha_publicacion, id_autor, id_etiqueta, id_idioma, id_formato  , id_palabra_clave, id_editorial, Nombre) values ('022281LB', CONVERT (DATE,'07/07/2020',103), '00219120', '000013', 1, 1, 'id2034', 'id2713', 'Hector and the Search for Happiness');
insert into EJEMPLAR (id, fecha_publicacion, id_autor, id_etiqueta, id_idioma, id_formato  , id_palabra_clave, id_editorial, Nombre) values ('022282LB', CONVERT (DATE,'13/01/1976',103), '00219129', '000013', 1, 1, 'id1852', 'id3371', 'Topaze');
insert into EJEMPLAR (id, fecha_publicacion, id_autor, id_etiqueta, id_idioma, id_formato  , id_palabra_clave, id_editorial, Nombre) values ('022283LB', CONVERT (DATE,'08/10/1985',103), '00219111', '000013', 1, 1, 'id4717', 'id3387', 'Armour of God II: Operation Condor (Operation Condor) (Fei ying gai wak)');
insert into EJEMPLAR (id, fecha_publicacion, id_autor, id_etiqueta, id_idioma, id_formato  , id_palabra_clave, id_editorial, Nombre) values ('022284LB', CONVERT (DATE,'08/10/1966',103), '00219187', '000012', 1, 2, 'id2729', 'id3390', 'Hallelujah I''m a Bum');
insert into EJEMPLAR (id, fecha_publicacion, id_autor, id_etiqueta, id_idioma, id_formato  , id_palabra_clave, id_editorial, Nombre) values ('022285LB', CONVERT (DATE,'05/11/1982',103), '00219200', '000012', 1, 2, 'id4717', 'id3371', 'March of the Penguins (Marche de l''empereur, La)');
insert into EJEMPLAR (id, fecha_publicacion, id_autor, id_etiqueta, id_idioma, id_formato  , id_palabra_clave, id_editorial, Nombre) values ('022286LB', CONVERT (DATE,'07/07/1990',103), '00219170', '000011', 2, 2, 'id4708', 'id1740', 'Satan''s Little Helper');
insert into EJEMPLAR (id, fecha_publicacion, id_autor, id_etiqueta, id_idioma, id_formato  , id_palabra_clave, id_editorial, Nombre) values ('022287LB', CONVERT (DATE,'19/10/1984',103), '00219102', '000011', 2, 1, 'id2965', 'id3371', 'Willow Creek');
insert into EJEMPLAR (id, fecha_publicacion, id_autor, id_etiqueta, id_idioma, id_formato  , id_palabra_clave, id_editorial, Nombre) values ('022288LB', CONVERT (DATE,'20/10/1962',103), '00219153', '000012', 2, 2, 'id1503', 'id3387', 'Phantom of the Rue Morgue');
insert into EJEMPLAR (id, fecha_publicacion, id_autor, id_etiqueta, id_idioma, id_formato  , id_palabra_clave, id_editorial, Nombre) values ('022289LB', CONVERT (DATE,'15/03/1994',103), '00219120', '000013', 2, 2, 'id1442', 'id2624', 'Life Partners');
insert into EJEMPLAR (id, fecha_publicacion, id_autor, id_etiqueta, id_idioma, id_formato  , id_palabra_clave, id_editorial, Nombre) values ('022290LB', CONVERT (DATE,'26/09/1973',103), '00219191', '000012', 1, 1, 'id2075', 'id1020', 'Budd Boetticher: A Man Can Do That');
insert into EJEMPLAR (id, fecha_publicacion, id_autor, id_etiqueta, id_idioma, id_formato  , id_palabra_clave, id_editorial, Nombre) values ('022291LB', CONVERT (DATE,'04/03/2004',103), '00219139', '000013', 2, 2, 'id3179', 'id1654', 'Hanzo the Razor: Sword of Justice (Goyôkiba)');
insert into EJEMPLAR (id, fecha_publicacion, id_autor, id_etiqueta, id_idioma, id_formato  , id_palabra_clave, id_editorial, Nombre) values ('022292LB', CONVERT (DATE,'21/01/2016',103), '00219159', '000011', 1, 2, 'id2953', 'id3387', 'Alexander');
insert into EJEMPLAR (id, fecha_publicacion, id_autor, id_etiqueta, id_idioma, id_formato  , id_palabra_clave, id_editorial, Nombre) values ('022293LB', CONVERT (DATE,'26/12/1973',103), '00219189', '000011', 2, 1, 'id3179', 'id1818', 'Kamikaze');
insert into EJEMPLAR (id, fecha_publicacion, id_autor, id_etiqueta, id_idioma, id_formato  , id_palabra_clave, id_editorial, Nombre) values ('022294LB', CONVERT (DATE,'27/03/1966',103), '00219167', '000013', 2, 2, 'id3771', 'id4516', 'Social Network, The');
insert into EJEMPLAR (id, fecha_publicacion, id_autor, id_etiqueta, id_idioma, id_formato  , id_palabra_clave, id_editorial, Nombre) values ('022295LB', CONVERT (DATE,'14/04/1992',103), '00219126', '000013', 1, 2, 'id1841', 'id4756', 'Eight Below');
insert into EJEMPLAR (id, fecha_publicacion, id_autor, id_etiqueta, id_idioma, id_formato  , id_palabra_clave, id_editorial, Nombre) values ('022296LB', CONVERT (DATE,'19/01/2000',103), '00219117', '000013', 1, 1, 'id3019', 'id1654', 'Megacities');
insert into EJEMPLAR (id, fecha_publicacion, id_autor, id_etiqueta, id_idioma, id_formato  , id_palabra_clave, id_editorial, Nombre) values ('022297LB', CONVERT (DATE,'11/11/1993',103), '00219200', '000011', 1, 2, 'id3817', 'id4516', 'Dangerous Liaisons');
insert into EJEMPLAR (id, fecha_publicacion, id_autor, id_etiqueta, id_idioma, id_formato  , id_palabra_clave, id_editorial, Nombre) values ('022298LB', CONVERT (DATE,'16/06/2011',103), '00219170', '000013', 2, 2, 'id1941', 'id2624', 'FairyTale: A True Story');
insert into EJEMPLAR (id, fecha_publicacion, id_autor, id_etiqueta, id_idioma, id_formato  , id_palabra_clave, id_editorial, Nombre) values ('022299LB', CONVERT (DATE,'04/11/1998',103), '00219199', '000011', 1, 1, 'id1852', 'id4762', 'X-Files: I Want to Believe, The');
insert into EJEMPLAR (id, fecha_publicacion, id_autor, id_etiqueta, id_idioma, id_formato  , id_palabra_clave, id_editorial, Nombre) values ('022300LB', CONVERT (DATE,'15/01/1997',103), '00219199', '000011', 1, 1, 'id4074', 'id4516', 'Lone Ranger and the Lost City of Gold, The');
insert into EJEMPLAR (id, fecha_publicacion, id_autor, id_etiqueta, id_idioma, id_formato  , id_palabra_clave, id_editorial, Nombre) values ('022301LB', CONVERT (DATE,'22/12/2007',103), '00219150', '000012', 1, 2, 'id1351', 'id3493', 'Yearling, The');
insert into EJEMPLAR (id, fecha_publicacion, id_autor, id_etiqueta, id_idioma, id_formato  , id_palabra_clave, id_editorial, Nombre) values ('022302LB', CONVERT (DATE,'09/04/1992',103), '00219196', '000013', 1, 1, 'id2957', 'id1654', 'Under the Sun of Satan (Sous le soleil de Satan)');
insert into EJEMPLAR (id, fecha_publicacion, id_autor, id_etiqueta, id_idioma, id_formato  , id_palabra_clave, id_editorial, Nombre) values ('022303LB', CONVERT (DATE,'29/03/2005',103), '00219112', '000013', 1, 2, 'id1920', 'id1654', 'Hungry for Change');
insert into EJEMPLAR (id, fecha_publicacion, id_autor, id_etiqueta, id_idioma, id_formato  , id_palabra_clave, id_editorial, Nombre) values ('022304LB', CONVERT (DATE,'03/10/1976',103), '00219151', '000011', 1, 2, 'id4850', 'id3387', 'Silent Running');
insert into EJEMPLAR (id, fecha_publicacion, id_autor, id_etiqueta, id_idioma, id_formato  , id_palabra_clave, id_editorial, Nombre) values ('022305LB', CONVERT (DATE,'20/10/1975',103), '00219137', '000013', 1, 2, 'id1503', 'id2465', 'Thin Blue Lie, The');
insert into EJEMPLAR (id, fecha_publicacion, id_autor, id_etiqueta, id_idioma, id_formato  , id_palabra_clave, id_editorial, Nombre) values ('022306LB', CONVERT (DATE,'05/05/2016',103), '00219150', '000013', 1, 2, 'id3943', 'id3493', 'Hedda Gabler');
insert into EJEMPLAR (id, fecha_publicacion, id_autor, id_etiqueta, id_idioma, id_formato  , id_palabra_clave, id_editorial, Nombre) values ('022307LB', CONVERT (DATE,'28/12/1986',103), '00219123', '000013', 2, 1, 'id1596', 'id2713', 'Juice');
insert into EJEMPLAR (id, fecha_publicacion, id_autor, id_etiqueta, id_idioma, id_formato  , id_palabra_clave, id_editorial, Nombre) values ('022308LB', CONVERT (DATE,'14/06/1989',103), '00219141', '000011', 1, 2, 'id1156', 'id3371', 'Zorro');
insert into EJEMPLAR (id, fecha_publicacion, id_autor, id_etiqueta, id_idioma, id_formato  , id_palabra_clave, id_editorial, Nombre) values ('022309LB', CONVERT (DATE,'25/06/2001',103), '00219125', '000012', 2, 2, 'id3019', 'id2713', 'Geographer Drank His Globe Away, The (Geograf globus propil)');
insert into EJEMPLAR (id, fecha_publicacion, id_autor, id_etiqueta, id_idioma, id_formato  , id_palabra_clave, id_editorial, Nombre) values ('022310LB', CONVERT (DATE,'20/09/1991',103), '00219105', '000011', 1, 2, 'id2441', 'id4762', 'Days Between, The (In den Tag hinein)');
insert into EJEMPLAR (id, fecha_publicacion, id_autor, id_etiqueta, id_idioma, id_formato  , id_palabra_clave, id_editorial, Nombre) values ('022311LB', CONVERT (DATE,'10/08/1997',103), '00219186', '000012', 2, 1, 'id3375', 'id2465', 'Small Town Murder Songs');
insert into EJEMPLAR (id, fecha_publicacion, id_autor, id_etiqueta, id_idioma, id_formato  , id_palabra_clave, id_editorial, Nombre) values ('022312LB', CONVERT (DATE,'01/12/2009',103), '00219198', '000011', 1, 2, 'id1863', 'id3387', 'Bloodsucking Freaks');
insert into EJEMPLAR (id, fecha_publicacion, id_autor, id_etiqueta, id_idioma, id_formato  , id_palabra_clave, id_editorial, Nombre) values ('022313LB', CONVERT (DATE,'14/07/1985',103), '00219102', '000012', 2, 1, 'id4074', 'id4756', 'Lightning in a Bottle');
insert into EJEMPLAR (id, fecha_publicacion, id_autor, id_etiqueta, id_idioma, id_formato  , id_palabra_clave, id_editorial, Nombre) values ('022314LB', CONVERT (DATE,'13/12/2009',103), '00219162', '000013', 1, 1, 'id3375', 'id4756', 'Boy Eating the Bird''s Food (To agori troei to fagito tou pouliou)');
insert into EJEMPLAR (id, fecha_publicacion, id_autor, id_etiqueta, id_idioma, id_formato  , id_palabra_clave, id_editorial, Nombre) values ('022315LB', CONVERT (DATE,'03/12/1989',103), '00219180', '000012', 2, 1, 'id4230', 'id2624', 'Ikiru');
insert into EJEMPLAR (id, fecha_publicacion, id_autor, id_etiqueta, id_idioma, id_formato  , id_palabra_clave, id_editorial, Nombre) values ('022316LB', CONVERT (DATE,'01/10/1975',103), '00219103', '000011', 1, 2, 'id1799', 'id3493', 'Indiana Jones and the Temple of Doom');
insert into EJEMPLAR (id, fecha_publicacion, id_autor, id_etiqueta, id_idioma, id_formato  , id_palabra_clave, id_editorial, Nombre) values ('022317LB', CONVERT (DATE,'18/04/2010',103), '00219102', '000012', 1, 1, 'id1776', 'id4762', 'Hound of the Baskervilles, The');
insert into EJEMPLAR (id, fecha_publicacion, id_autor, id_etiqueta, id_idioma, id_formato  , id_palabra_clave, id_editorial, Nombre) values ('022318LB', CONVERT (DATE,'18/11/2000',103), '00219159', '000011', 1, 2, 'id2280', 'id4516', 'Switching Channels');
insert into EJEMPLAR (id, fecha_publicacion, id_autor, id_etiqueta, id_idioma, id_formato  , id_palabra_clave, id_editorial, Nombre) values ('022319LB', CONVERT (DATE,'27/03/2003',103), '00219162', '000011', 1, 2, 'id1920', 'id2586', 'Faust');
insert into EJEMPLAR (id, fecha_publicacion, id_autor, id_etiqueta, id_idioma, id_formato  , id_palabra_clave, id_editorial, Nombre) values ('022320LB', CONVERT (DATE,'07/07/1979',103), '00219172', '000011', 2, 1, 'id1504', 'id3493', 'Wedding Director, The (Il regista di matrimoni)');
insert into EJEMPLAR (id, fecha_publicacion, id_autor, id_etiqueta, id_idioma, id_formato  , id_palabra_clave, id_editorial, Nombre) values ('022321LB', CONVERT (DATE,'19/10/2020',103), '00219137', '000011', 2, 1, 'id2280', 'id4756', 'Rise of the Guardians');
insert into EJEMPLAR (id, fecha_publicacion, id_autor, id_etiqueta, id_idioma, id_formato  , id_palabra_clave, id_editorial, Nombre) values ('022322LB', CONVERT (DATE,'21/04/2018',103), '00219154', '000011', 2, 2, 'id1596', 'id2465', 'And Life Goes On (a.k.a. Life and Nothing More) (Zendegi va digar hich)');
insert into EJEMPLAR (id, fecha_publicacion, id_autor, id_etiqueta, id_idioma, id_formato  , id_palabra_clave, id_editorial, Nombre) values ('022323LB', CONVERT (DATE,'18/02/2016',103), '00219148', '000013', 1, 1, 'id2203', 'id3493', 'Foster Brothers, The (Süt kardesler)');
insert into EJEMPLAR (id, fecha_publicacion, id_autor, id_etiqueta, id_idioma, id_formato  , id_palabra_clave, id_editorial, Nombre) values ('022324LB', CONVERT (DATE,'15/09/1995',103), '00219143', '000012', 1, 2, 'id3926', 'id4762', 'Bastards');
insert into EJEMPLAR (id, fecha_publicacion, id_autor, id_etiqueta, id_idioma, id_formato  , id_palabra_clave, id_editorial, Nombre) values ('022325LB', CONVERT (DATE,'09/03/1983',103), '00219182', '000012', 1, 1, 'id2953', 'id3371', 'Baby, the Rain Must Fall');
insert into EJEMPLAR (id, fecha_publicacion, id_autor, id_etiqueta, id_idioma, id_formato  , id_palabra_clave, id_editorial, Nombre) values ('022326LB', CONVERT (DATE,'06/12/1960',103), '00219138', '000011', 2, 1, 'id2280', 'id1654', 'Adventures of Food Boy, The (aka High School Superhero)');
insert into EJEMPLAR (id, fecha_publicacion, id_autor, id_etiqueta, id_idioma, id_formato  , id_palabra_clave, id_editorial, Nombre) values ('022327LB', CONVERT (DATE,'04/04/1990',103), '00219154', '000011', 2, 2, 'id4685', 'id1020', 'i hate myself :)');
insert into EJEMPLAR (id, fecha_publicacion, id_autor, id_etiqueta, id_idioma, id_formato  , id_palabra_clave, id_editorial, Nombre) values ('022328LB', CONVERT (DATE,'18/11/2012',103), '00219118', '000013', 1, 1, 'id4717', 'id1020', 'Perfect Couple, A');
insert into EJEMPLAR (id, fecha_publicacion, id_autor, id_etiqueta, id_idioma, id_formato  , id_palabra_clave, id_editorial, Nombre) values ('022329LB', CONVERT (DATE,'09/10/1961',103), '00219198', '000013', 1, 2, 'id3787', 'id2624', 'Unfinished Life, An');
insert into EJEMPLAR (id, fecha_publicacion, id_autor, id_etiqueta, id_idioma, id_formato  , id_palabra_clave, id_editorial, Nombre) values ('022330LB', CONVERT (DATE,'03/02/1984',103), '00219165', '000013', 1, 1, 'id3943', 'id3372', 'Town That Dreaded Sundown, The');
insert into EJEMPLAR (id, fecha_publicacion, id_autor, id_etiqueta, id_idioma, id_formato  , id_palabra_clave, id_editorial, Nombre) values ('022331LB', CONVERT (DATE,'15/07/2020',103), '00219195', '000011', 2, 2, 'id2250', 'id2624', 'Night We Never Met, The');
insert into EJEMPLAR (id, fecha_publicacion, id_autor, id_etiqueta, id_idioma, id_formato  , id_palabra_clave, id_editorial, Nombre) values ('022332LB', CONVERT (DATE,'02/04/2001',103), '00219174', '000011', 1, 2, 'id3637', 'id4762', 'Battle Royale (Batoru rowaiaru)');
insert into EJEMPLAR (id, fecha_publicacion, id_autor, id_etiqueta, id_idioma, id_formato  , id_palabra_clave, id_editorial, Nombre) values ('022333LB', CONVERT (DATE,'15/02/2016',103), '00219105', '000011', 1, 2, 'id1442', 'id2713', 'Year of the Dragon');
insert into EJEMPLAR (id, fecha_publicacion, id_autor, id_etiqueta, id_idioma, id_formato  , id_palabra_clave, id_editorial, Nombre) values ('022334LB', CONVERT (DATE,'25/01/2005',103), '00219177', '000011', 1, 2, 'id1916', 'id1818', 'Ballad of the Little Soldier (Ballade vom kleinen Soldaten)');
insert into EJEMPLAR (id, fecha_publicacion, id_autor, id_etiqueta, id_idioma, id_formato  , id_palabra_clave, id_editorial, Nombre) values ('022335LB', CONVERT (DATE,'30/06/2013',103), '00219149', '000013', 2, 2, 'id3113', 'id4762', 'Swingers');
insert into EJEMPLAR (id, fecha_publicacion, id_autor, id_etiqueta, id_idioma, id_formato  , id_palabra_clave, id_editorial, Nombre) values ('022336LB', CONVERT (DATE,'26/10/1996',103), '00219167', '000012', 2, 2, 'id4260', 'id1654', 'Mistress America');
insert into EJEMPLAR (id, fecha_publicacion, id_autor, id_etiqueta, id_idioma, id_formato  , id_palabra_clave, id_editorial, Nombre) values ('022337LB', CONVERT (DATE,'06/06/2009',103), '00219108', '000013', 1, 1, 'id1410', 'id4756', 'New Kids Turbo');
insert into EJEMPLAR (id, fecha_publicacion, id_autor, id_etiqueta, id_idioma, id_formato  , id_palabra_clave, id_editorial, Nombre) values ('022338LB', CONVERT (DATE,'11/10/1995',103), '00219116', '000012', 2, 1, 'id4916', 'id1818', 'Film Geek');
insert into EJEMPLAR (id, fecha_publicacion, id_autor, id_etiqueta, id_idioma, id_formato  , id_palabra_clave, id_editorial, Nombre) values ('022339LB', CONVERT (DATE,'29/08/2014',103), '00219115', '000013', 2, 1, 'id1496', 'id2624', 'Rouva presidentti');
insert into EJEMPLAR (id, fecha_publicacion, id_autor, id_etiqueta, id_idioma, id_formato  , id_palabra_clave, id_editorial, Nombre) values ('022340LB', CONVERT (DATE,'04/12/1994',103), '00219110', '000013', 2, 2, 'id3350', 'id2624', 'One of Our Dinosaurs Is Missing');
insert into EJEMPLAR (id, fecha_publicacion, id_autor, id_etiqueta, id_idioma, id_formato  , id_palabra_clave, id_editorial, Nombre) values ('022341LB', CONVERT (DATE,'14/11/2011',103), '00219170', '000012', 1, 2, 'id1916', 'id3387', 'My Little Chickadee');
insert into EJEMPLAR (id, fecha_publicacion, id_autor, id_etiqueta, id_idioma, id_formato  , id_palabra_clave, id_editorial, Nombre) values ('022342LB', CONVERT (DATE,'02/08/1991',103), '00219145', '000011', 1, 2, 'id2957', 'id1654', 'Old Boy');
insert into EJEMPLAR (id, fecha_publicacion, id_autor, id_etiqueta, id_idioma, id_formato  , id_palabra_clave, id_editorial, Nombre) values ('022343LB', CONVERT (DATE,'31/08/1965',103), '00219167', '000012', 2, 1, 'id3787', 'id3371', 'Sicily! (Sicilia!)');
insert into EJEMPLAR (id, fecha_publicacion, id_autor, id_etiqueta, id_idioma, id_formato  , id_palabra_clave, id_editorial, Nombre) values ('022344LB', CONVERT (DATE,'30/06/1995',103), '00219108', '000012', 1, 2, 'id2034', 'id3371', 'Ride Along');
insert into EJEMPLAR (id, fecha_publicacion, id_autor, id_etiqueta, id_idioma, id_formato  , id_palabra_clave, id_editorial, Nombre) values ('022345LB', CONVERT (DATE,'21/03/1984',103), '00219128', '000013', 1, 1, 'id1182', 'id1254', 'Fighting Temptations, The');
insert into EJEMPLAR (id, fecha_publicacion, id_autor, id_etiqueta, id_idioma, id_formato  , id_palabra_clave, id_editorial, Nombre) values ('022346LB', CONVERT (DATE,'30/12/1975',103), '00219111', '000013', 2, 2, 'id1504', 'id1020', 'How to Succeed in Business Without Really Trying');
insert into EJEMPLAR (id, fecha_publicacion, id_autor, id_etiqueta, id_idioma, id_formato  , id_palabra_clave, id_editorial, Nombre) values ('022347LB', CONVERT (DATE,'12/12/1995',103), '00219120', '000012', 1, 1, 'id4936', 'id1818', 'Beat the Devil');
insert into EJEMPLAR (id, fecha_publicacion, id_autor, id_etiqueta, id_idioma, id_formato  , id_palabra_clave, id_editorial, Nombre) values ('022348LB', CONVERT (DATE,'14/01/2002',103), '00219140', '000012', 2, 1, 'id1351', 'id4762', 'Coal Miner''s Daughter');
insert into EJEMPLAR (id, fecha_publicacion, id_autor, id_etiqueta, id_idioma, id_formato  , id_palabra_clave, id_editorial, Nombre) values ('022349LB', CONVERT (DATE,'07/12/2018',103), '00219125', '000012', 2, 2, 'id4916', 'id2465', 'Voyage to the Prehistoric Planet');
insert into EJEMPLAR (id, fecha_publicacion, id_autor, id_etiqueta, id_idioma, id_formato  , id_palabra_clave, id_editorial, Nombre) values ('022350LB', CONVERT (DATE,'26/09/2013',103), '00219175', '000013', 1, 1, 'id2957', 'id2713', 'Hush');
insert into EJEMPLAR (id, fecha_publicacion, id_autor, id_etiqueta, id_idioma, id_formato  , id_palabra_clave, id_editorial, Nombre) values ('022351LB', CONVERT (DATE,'26/04/2002',103), '00219188', '000012', 1, 2, 'id1366', 'id4516', 'Vital');
insert into EJEMPLAR (id, fecha_publicacion, id_autor, id_etiqueta, id_idioma, id_formato  , id_palabra_clave, id_editorial, Nombre) values ('022352LB', CONVERT (DATE,'26/07/1982',103), '00219163', '000013', 2, 1, 'id2441', 'id2586', 'White Sheik, The (Sceicco bianco, Lo)');
insert into EJEMPLAR (id, fecha_publicacion, id_autor, id_etiqueta, id_idioma, id_formato  , id_palabra_clave, id_editorial, Nombre) values ('022353LB', CONVERT (DATE,'18/05/2009',103), '00219163', '000011', 2, 1, 'id1863', 'id1654', 'Troll');
insert into EJEMPLAR (id, fecha_publicacion, id_autor, id_etiqueta, id_idioma, id_formato  , id_palabra_clave, id_editorial, Nombre) values ('022354LB', CONVERT (DATE,'22/03/2015',103), '00219130', '000013', 2, 2, 'id3926', 'id3390', 'Nightmare on Elm Street 5: The Dream Child, A');
insert into EJEMPLAR (id, fecha_publicacion, id_autor, id_etiqueta, id_idioma, id_formato  , id_palabra_clave, id_editorial, Nombre) values ('022355LB', CONVERT (DATE,'13/07/2017',103), '00219110', '000011', 2, 1, 'id1799', 'id1020', 'Fed Up');
insert into EJEMPLAR (id, fecha_publicacion, id_autor, id_etiqueta, id_idioma, id_formato  , id_palabra_clave, id_editorial, Nombre) values ('022356LB', CONVERT (DATE,'19/03/2001',103), '00219134', '000012', 2, 1, 'id1482', 'id1654', 'Last Casino, The');
insert into EJEMPLAR (id, fecha_publicacion, id_autor, id_etiqueta, id_idioma, id_formato  , id_palabra_clave, id_editorial, Nombre) values ('022357LB', CONVERT (DATE,'12/08/1993',103), '00219155', '000011', 2, 1, 'id4717', 'id2624', 'I''m Reed Fish');
insert into EJEMPLAR (id, fecha_publicacion, id_autor, id_etiqueta, id_idioma, id_formato  , id_palabra_clave, id_editorial, Nombre) values ('022358LB', CONVERT (DATE,'24/09/2005',103), '00219119', '000013', 2, 2, 'id4496', 'id3311', 'City on Fire (Lung fu fong wan)');
insert into EJEMPLAR (id, fecha_publicacion, id_autor, id_etiqueta, id_idioma, id_formato  , id_palabra_clave, id_editorial, Nombre) values ('022359LB', CONVERT (DATE,'30/07/1964',103), '00219157', '000011', 2, 2, 'id3076', 'id2465', 'Daddy Nostalgia (Daddy Nostalgie)');
insert into EJEMPLAR (id, fecha_publicacion, id_autor, id_etiqueta, id_idioma, id_formato  , id_palabra_clave, id_editorial, Nombre) values ('022360LB', CONVERT (DATE,'10/11/1980',103), '00219175', '000011', 2, 2, 'id2274', 'id4756', 'Freeheld');
insert into EJEMPLAR (id, fecha_publicacion, id_autor, id_etiqueta, id_idioma, id_formato  , id_palabra_clave, id_editorial, Nombre) values ('022361LB', CONVERT (DATE,'05/04/1997',103), '00219174', '000013', 2, 1, 'id2250', 'id2586', 'At War with the Army');
insert into EJEMPLAR (id, fecha_publicacion, id_autor, id_etiqueta, id_idioma, id_formato  , id_palabra_clave, id_editorial, Nombre) values ('022362LB', CONVERT (DATE,'10/03/1971',103), '00219179', '000013', 2, 2, 'id4380', 'id1654', 'Mrs. Pollifax-Spy');
insert into EJEMPLAR (id, fecha_publicacion, id_autor, id_etiqueta, id_idioma, id_formato  , id_palabra_clave, id_editorial, Nombre) values ('022363LB', CONVERT (DATE,'07/11/2000',103), '00219190', '000013', 2, 2, 'id1613', 'id1254', 'Hancock');
insert into EJEMPLAR (id, fecha_publicacion, id_autor, id_etiqueta, id_idioma, id_formato  , id_palabra_clave, id_editorial, Nombre) values ('022364LB', CONVERT (DATE,'11/10/1985',103), '00219178', '000011', 2, 1, 'id3787', 'id2465', 'And Starring Pancho Villa as Himself');
insert into EJEMPLAR (id, fecha_publicacion, id_autor, id_etiqueta, id_idioma, id_formato  , id_palabra_clave, id_editorial, Nombre) values ('022365LB', CONVERT (DATE,'04/03/1998',103), '00219187', '000011', 1, 1, 'id2441', 'id3311', '22 Jump Street');
insert into EJEMPLAR (id, fecha_publicacion, id_autor, id_etiqueta, id_idioma, id_formato  , id_palabra_clave, id_editorial, Nombre) values ('022366LB', CONVERT (DATE,'20/10/2012',103), '00219175', '000011', 2, 1, 'id2393', 'id3493', 'Reaching for the Moon');
insert into EJEMPLAR (id, fecha_publicacion, id_autor, id_etiqueta, id_idioma, id_formato  , id_palabra_clave, id_editorial, Nombre) values ('022367LB', CONVERT (DATE,'19/02/1970',103), '00219188', '000013', 1, 1, 'id3361', 'id1654', 'Heidi');
insert into EJEMPLAR (id, fecha_publicacion, id_autor, id_etiqueta, id_idioma, id_formato  , id_palabra_clave, id_editorial, Nombre) values ('022368LB', CONVERT (DATE,'19/09/1969',103), '00219128', '000011', 2, 1, 'id2326', 'id1740', 'Private Lives of Pippa Lee, The');
insert into EJEMPLAR (id, fecha_publicacion, id_autor, id_etiqueta, id_idioma, id_formato  , id_palabra_clave, id_editorial, Nombre) values ('022369LB', CONVERT (DATE,'30/01/1970',103), '00219195', '000013', 1, 2, 'id1366', 'id3390', 'Mike Birbiglia: My Girlfriend''s Boyfriend');
insert into EJEMPLAR (id, fecha_publicacion, id_autor, id_etiqueta, id_idioma, id_formato  , id_palabra_clave, id_editorial, Nombre) values ('022370LB', CONVERT (DATE,'28/03/1976',103), '00219197', '000013', 1, 1, 'id3113', 'id3372', 'Carnosaur');
insert into EJEMPLAR (id, fecha_publicacion, id_autor, id_etiqueta, id_idioma, id_formato  , id_palabra_clave, id_editorial, Nombre) values ('022371LB', CONVERT (DATE,'12/10/2007',103), '00219110', '000013', 2, 2, 'id1529', 'id1740', 'It''s Christmastime Again, Charlie Brown');
insert into EJEMPLAR (id, fecha_publicacion, id_autor, id_etiqueta, id_idioma, id_formato  , id_palabra_clave, id_editorial, Nombre) values ('022372LB', CONVERT (DATE,'01/09/1985',103), '00219102', '000011', 1, 1, 'id4916', 'id3311', 'Buud Yam');
insert into EJEMPLAR (id, fecha_publicacion, id_autor, id_etiqueta, id_idioma, id_formato  , id_palabra_clave, id_editorial, Nombre) values ('022373LB', CONVERT (DATE,'15/07/1981',103), '00219138', '000012', 2, 1, 'id4485', 'id2713', 'They Live');
insert into EJEMPLAR (id, fecha_publicacion, id_autor, id_etiqueta, id_idioma, id_formato  , id_palabra_clave, id_editorial, Nombre) values ('022374LB', CONVERT (DATE,'24/04/1977',103), '00219135', '000013', 1, 2, 'id1442', 'id4762', 'Art and Craft');
insert into EJEMPLAR (id, fecha_publicacion, id_autor, id_etiqueta, id_idioma, id_formato  , id_palabra_clave, id_editorial, Nombre) values ('022375LB', CONVERT (DATE,'14/07/2018',103), '00219194', '000013', 1, 2, 'id3449', 'id3390', 'Time Bandits');
insert into EJEMPLAR (id, fecha_publicacion, id_autor, id_etiqueta, id_idioma, id_formato  , id_palabra_clave, id_editorial, Nombre) values ('022376LB', CONVERT (DATE,'18/10/1989',103), '00219168', '000012', 2, 1, 'id3817', 'id4762', 'Cotton Mary');
insert into EJEMPLAR (id, fecha_publicacion, id_autor, id_etiqueta, id_idioma, id_formato  , id_palabra_clave, id_editorial, Nombre) values ('022377LB', CONVERT (DATE,'19/08/1989',103), '00219133', '000012', 1, 2, 'id1941', 'id3390', 'Journey to the Sun (Günese yolculuk)');
insert into EJEMPLAR (id, fecha_publicacion, id_autor, id_etiqueta, id_idioma, id_formato  , id_palabra_clave, id_editorial, Nombre) values ('022378LB', CONVERT (DATE,'17/10/1980',103), '00219176', '000011', 1, 2, 'id2326', 'id3371', 'David Copperfield');
insert into EJEMPLAR (id, fecha_publicacion, id_autor, id_etiqueta, id_idioma, id_formato  , id_palabra_clave, id_editorial, Nombre) values ('022379LB', CONVERT (DATE,'15/11/2014',103), '00219170', '000013', 2, 2, 'id3135', 'id4756', 'It''s Complicated');
insert into EJEMPLAR (id, fecha_publicacion, id_autor, id_etiqueta, id_idioma, id_formato  , id_palabra_clave, id_editorial, Nombre) values ('022380LB', CONVERT (DATE,'25/09/1985',103), '00219197', '000012', 1, 2, 'id2561', 'id3311', 'Patterns');
insert into EJEMPLAR (id, fecha_publicacion, id_autor, id_etiqueta, id_idioma, id_formato  , id_palabra_clave, id_editorial, Nombre) values ('022381LB', CONVERT (DATE,'15/01/1974',103), '00219102', '000012', 2, 2, 'id2906', 'id1818', 'Supernova');
insert into EJEMPLAR (id, fecha_publicacion, id_autor, id_etiqueta, id_idioma, id_formato  , id_palabra_clave, id_editorial, Nombre) values ('022382LB', CONVERT (DATE,'11/05/1973',103), '00219176', '000012', 2, 2, 'id4417', 'id3372', 'Social Network, The');
insert into EJEMPLAR (id, fecha_publicacion, id_autor, id_etiqueta, id_idioma, id_formato  , id_palabra_clave, id_editorial, Nombre) values ('022383LB', CONVERT (DATE,'08/01/2010',103), '00219167', '000013', 2, 1, 'id1442', 'id1818', 'H.O.T.S.');
insert into EJEMPLAR (id, fecha_publicacion, id_autor, id_etiqueta, id_idioma, id_formato  , id_palabra_clave, id_editorial, Nombre) values ('022384LB', CONVERT (DATE,'07/12/2020',103), '00219137', '000012', 1, 1, 'id3135', 'id1740', 'Rogue Trader');
insert into EJEMPLAR (id, fecha_publicacion, id_autor, id_etiqueta, id_idioma, id_formato  , id_palabra_clave, id_editorial, Nombre) values ('022385LB', CONVERT (DATE,'05/11/1972',103), '00219176', '000011', 1, 1, 'id2882', 'id3493', 'Dogs in Space');
insert into EJEMPLAR (id, fecha_publicacion, id_autor, id_etiqueta, id_idioma, id_formato  , id_palabra_clave, id_editorial, Nombre) values ('022386LB', CONVERT (DATE,'23/11/1988',103), '00219131', '000011', 1, 1, 'id3153', 'id1020', 'Hotel Pacific (Zaklete rewiry)');
insert into EJEMPLAR (id, fecha_publicacion, id_autor, id_etiqueta, id_idioma, id_formato  , id_palabra_clave, id_editorial, Nombre) values ('022387LB', CONVERT (DATE,'11/10/2016',103), '00219141', '000013', 1, 2, 'id2203', 'id1740', 'Killer Klowns from Outer Space');
insert into EJEMPLAR (id, fecha_publicacion, id_autor, id_etiqueta, id_idioma, id_formato  , id_palabra_clave, id_editorial, Nombre) values ('022388LB', CONVERT (DATE,'10/03/2015',103), '00219176', '000013', 2, 2, 'id3375', 'id1020', 'Fudoh: The New Generation (Gokudô sengokushi: Fudô)');
insert into EJEMPLAR (id, fecha_publicacion, id_autor, id_etiqueta, id_idioma, id_formato  , id_palabra_clave, id_editorial, Nombre) values ('022389LB', CONVERT (DATE,'30/08/1991',103), '00219112', '000012', 1, 1, 'id1267', 'id3371', 'Highway Racer');
insert into EJEMPLAR (id, fecha_publicacion, id_autor, id_etiqueta, id_idioma, id_formato  , id_palabra_clave, id_editorial, Nombre) values ('022390LB', CONVERT (DATE,'18/07/1961',103), '00219193', '000011', 2, 1, 'id1776', 'id1818', 'German Doctor, The (Wakolda)');
insert into EJEMPLAR (id, fecha_publicacion, id_autor, id_etiqueta, id_idioma, id_formato  , id_palabra_clave, id_editorial, Nombre) values ('022391LB', CONVERT (DATE,'10/03/1997',103), '00219155', '000013', 2, 2, 'id2280', 'id4762', 'Breed, The');
insert into EJEMPLAR (id, fecha_publicacion, id_autor, id_etiqueta, id_idioma, id_formato  , id_palabra_clave, id_editorial, Nombre) values ('022392LB', CONVERT (DATE,'26/05/1964',103), '00219193', '000012', 2, 2, 'id1504', 'id1254', 'Some Came Running');
insert into EJEMPLAR (id, fecha_publicacion, id_autor, id_etiqueta, id_idioma, id_formato  , id_palabra_clave, id_editorial, Nombre) values ('022393LB', CONVERT (DATE,'07/05/1987',103), '00219141', '000011', 2, 1, 'id1863', 'id4756', 'Ferris Bueller''s Day Off');
insert into EJEMPLAR (id, fecha_publicacion, id_autor, id_etiqueta, id_idioma, id_formato  , id_palabra_clave, id_editorial, Nombre) values ('022394LB', CONVERT (DATE,'31/03/2015',103), '00219122', '000011', 2, 2, 'id4850', 'id1254', 'United States of Secrets (Part One): The Program');
insert into EJEMPLAR (id, fecha_publicacion, id_autor, id_etiqueta, id_idioma, id_formato  , id_palabra_clave, id_editorial, Nombre) values ('022395LB', CONVERT (DATE,'11/01/1982',103), '00219164', '000012', 2, 2, 'id3475', 'id3371', 'Patriots, The (Patriotes, Les)');
insert into EJEMPLAR (id, fecha_publicacion, id_autor, id_etiqueta, id_idioma, id_formato  , id_palabra_clave, id_editorial, Nombre) values ('022396LB', CONVERT (DATE,'31/07/1983',103), '00219111', '000012', 1, 2, 'id3787', 'id3387', 'Fast and the Furious: Tokyo Drift, The (Fast and the Furious 3, The)');
insert into EJEMPLAR (id, fecha_publicacion, id_autor, id_etiqueta, id_idioma, id_formato  , id_palabra_clave, id_editorial, Nombre) values ('022397LB', CONVERT (DATE,'27/08/2013',103), '00219185', '000013', 2, 1, 'id4417', 'id4516', 'Cold Mountain');
insert into EJEMPLAR (id, fecha_publicacion, id_autor, id_etiqueta, id_idioma, id_formato  , id_palabra_clave, id_editorial, Nombre) values ('022398LB', CONVERT (DATE,'05/07/2001',103), '00219105', '000012', 1, 2, 'id1267', 'id4762', 'Saint (Sint)');
insert into EJEMPLAR (id, fecha_publicacion, id_autor, id_etiqueta, id_idioma, id_formato  , id_palabra_clave, id_editorial, Nombre) values ('022399LB', CONVERT (DATE,'05/05/1998',103), '00219182', '000011', 1, 1, 'id1544', 'id2465', 'Dylan Moran Live: What It Is');
insert into EJEMPLAR (id, fecha_publicacion, id_autor, id_etiqueta, id_idioma, id_formato  , id_palabra_clave, id_editorial, Nombre) values ('022400LB', CONVERT (DATE,'02/09/2016',103), '00219154', '000012', 2, 1, 'id1841', 'id1254', 'Harvey');
insert into EJEMPLAR (id, fecha_publicacion, id_autor, id_etiqueta, id_idioma, id_formato  , id_palabra_clave, id_editorial, Nombre) values ('022401LB', CONVERT (DATE,'23/09/2000',103), '00219101', '000012', 2, 1, 'id4556', 'id4516', 'Marius and Jeanette (Marius et Jeannette)');
insert into EJEMPLAR (id, fecha_publicacion, id_autor, id_etiqueta, id_idioma, id_formato  , id_palabra_clave, id_editorial, Nombre) values ('022402LB', CONVERT (DATE,'06/12/1960',103), '00219120', '000011', 1, 1, 'id1366', 'id3311', 'Thank You, Jeeves!');
insert into EJEMPLAR (id, fecha_publicacion, id_autor, id_etiqueta, id_idioma, id_formato  , id_palabra_clave, id_editorial, Nombre) values ('022403LB', CONVERT (DATE,'31/10/1996',103), '00219161', '000011', 2, 2, 'id2957', 'id1254', 'Man on Wire');
insert into EJEMPLAR (id, fecha_publicacion, id_autor, id_etiqueta, id_idioma, id_formato  , id_palabra_clave, id_editorial, Nombre) values ('022404LB', CONVERT (DATE,'28/08/1986',103), '00219127', '000012', 2, 1, 'id2882', 'id2465', 'American Loser (Trainwreck: My Life as an Idiot)');
insert into EJEMPLAR (id, fecha_publicacion, id_autor, id_etiqueta, id_idioma, id_formato  , id_palabra_clave, id_editorial, Nombre) values ('022405LB', CONVERT (DATE,'01/05/2017',103), '00219135', '000011', 2, 1, 'id4934', 'id4516', 'Suicide Room');
insert into EJEMPLAR (id, fecha_publicacion, id_autor, id_etiqueta, id_idioma, id_formato  , id_palabra_clave, id_editorial, Nombre) values ('022406LB', CONVERT (DATE,'13/06/1964',103), '00219143', '000012', 1, 2, 'id2729', 'id4756', 'Holy Flying Circus');
insert into EJEMPLAR (id, fecha_publicacion, id_autor, id_etiqueta, id_idioma, id_formato  , id_palabra_clave, id_editorial, Nombre) values ('022407LB', CONVERT (DATE,'22/10/2014',103), '00219180', '000011', 2, 2, 'id2075', 'id2586', 'Wankers, The (Les branleuses)');
insert into EJEMPLAR (id, fecha_publicacion, id_autor, id_etiqueta, id_idioma, id_formato  , id_palabra_clave, id_editorial, Nombre) values ('022408LB', CONVERT (DATE,'21/01/1996',103), '00219200', '000013', 1, 2, 'id4387', 'id2624', 'Die Another Day');
insert into EJEMPLAR (id, fecha_publicacion, id_autor, id_etiqueta, id_idioma, id_formato  , id_palabra_clave, id_editorial, Nombre) values ('022409LB', CONVERT (DATE,'20/12/2012',103), '00219170', '000013', 1, 2, 'id2906', 'id4762', 'Jew Süss (Jud Süß)');
insert into EJEMPLAR (id, fecha_publicacion, id_autor, id_etiqueta, id_idioma, id_formato  , id_palabra_clave, id_editorial, Nombre) values ('022410LB', CONVERT (DATE,'10/08/1971',103), '00219103', '000011', 1, 1, 'id1503', 'id1740', '3 Ring Circus');
insert into EJEMPLAR (id, fecha_publicacion, id_autor, id_etiqueta, id_idioma, id_formato  , id_palabra_clave, id_editorial, Nombre) values ('022411LB', CONVERT (DATE,'14/03/1974',103), '00219150', '000013', 2, 1, 'id1970', 'id1254', 'Neil Young Journeys');
insert into EJEMPLAR (id, fecha_publicacion, id_autor, id_etiqueta, id_idioma, id_formato  , id_palabra_clave, id_editorial, Nombre) values ('022412LB', CONVERT (DATE,'08/11/1973',103), '00219156', '000011', 2, 2, 'id3342', 'id2465', 'Ghost and Mr. Chicken, The');
insert into EJEMPLAR (id, fecha_publicacion, id_autor, id_etiqueta, id_idioma, id_formato  , id_palabra_clave, id_editorial, Nombre) values ('022413LB', CONVERT (DATE,'13/01/1962',103), '00219161', '000013', 1, 2, 'id3350', 'id1254', 'Blind Date');
insert into EJEMPLAR (id, fecha_publicacion, id_autor, id_etiqueta, id_idioma, id_formato  , id_palabra_clave, id_editorial, Nombre) values ('022414LB', CONVERT (DATE,'25/08/1970',103), '00219151', '000012', 1, 2, 'id1529', 'id1020', 'The Nativity');
insert into EJEMPLAR (id, fecha_publicacion, id_autor, id_etiqueta, id_idioma, id_formato  , id_palabra_clave, id_editorial, Nombre) values ('022415LB', CONVERT (DATE,'29/10/1968',103), '00219188', '000012', 1, 1, 'id2882', 'id3387', 'Conflict');
insert into EJEMPLAR (id, fecha_publicacion, id_autor, id_etiqueta, id_idioma, id_formato  , id_palabra_clave, id_editorial, Nombre) values ('022416LB', CONVERT (DATE,'18/06/2001',103), '00219114', '000012', 2, 2, 'id3943', 'id4762', 'Fairly Odd Christmas, A');
insert into EJEMPLAR (id, fecha_publicacion, id_autor, id_etiqueta, id_idioma, id_formato  , id_palabra_clave, id_editorial, Nombre) values ('022417LB', CONVERT (DATE,'28/10/1980',103), '00219192', '000011', 2, 2, 'id4387', 'id2586', 'Ah of Life, The');
insert into EJEMPLAR (id, fecha_publicacion, id_autor, id_etiqueta, id_idioma, id_formato  , id_palabra_clave, id_editorial, Nombre) values ('022418LB', CONVERT (DATE,'13/07/1962',103), '00219181', '000011', 2, 1, 'id4029', 'id1654', 'Zatoichi and the Chess Expert (Zatôichi Jigoku tabi) (Zatôichi 12)');
insert into EJEMPLAR (id, fecha_publicacion, id_autor, id_etiqueta, id_idioma, id_formato  , id_palabra_clave, id_editorial, Nombre) values ('022419LB', CONVERT (DATE,'11/03/1977',103), '00219163', '000012', 1, 2, 'id2203', 'id1818', 'Mabel at the Wheel');
insert into EJEMPLAR (id, fecha_publicacion, id_autor, id_etiqueta, id_idioma, id_formato  , id_palabra_clave, id_editorial, Nombre) values ('022420LB', CONVERT (DATE,'03/05/1971',103), '00219116', '000011', 2, 2, 'id3375', 'id3372', 'See Here, Private Hargrove');
insert into EJEMPLAR (id, fecha_publicacion, id_autor, id_etiqueta, id_idioma, id_formato  , id_palabra_clave, id_editorial, Nombre) values ('022421LB', CONVERT (DATE,'08/08/1972',103), '00219136', '000011', 1, 2, 'id2326', 'id4762', 'Eye of the Needle');
insert into EJEMPLAR (id, fecha_publicacion, id_autor, id_etiqueta, id_idioma, id_formato  , id_palabra_clave, id_editorial, Nombre) values ('022422LB', CONVERT (DATE,'25/06/1980',103), '00219117', '000011', 2, 2, 'id1504', 'id1654', 'Scarlet Letter, The (Der scharlachrote Buchstabe)');
insert into EJEMPLAR (id, fecha_publicacion, id_autor, id_etiqueta, id_idioma, id_formato  , id_palabra_clave, id_editorial, Nombre) values ('022423LB', CONVERT (DATE,'14/03/2006',103), '00219193', '000011', 1, 1, 'id3941', 'id1740', 'Morning Glory');
insert into EJEMPLAR (id, fecha_publicacion, id_autor, id_etiqueta, id_idioma, id_formato  , id_palabra_clave, id_editorial, Nombre) values ('022424LB', CONVERT (DATE,'21/02/1965',103), '00219125', '000012', 1, 1, 'id2729', 'id3387', 'Let''s Scare Jessica to Death');
insert into EJEMPLAR (id, fecha_publicacion, id_autor, id_etiqueta, id_idioma, id_formato  , id_palabra_clave, id_editorial, Nombre) values ('022425LB', CONVERT (DATE,'16/10/2001',103), '00219126', '000013', 1, 2, 'id3941', 'id1818', 'Elaine Stritch: Shoot Me');
insert into EJEMPLAR (id, fecha_publicacion, id_autor, id_etiqueta, id_idioma, id_formato  , id_palabra_clave, id_editorial, Nombre) values ('022426LB', CONVERT (DATE,'04/09/1962',103), '00219137', '000013', 1, 1, 'id1442', 'id2465', 'Bear with Me');
insert into EJEMPLAR (id, fecha_publicacion, id_autor, id_etiqueta, id_idioma, id_formato  , id_palabra_clave, id_editorial, Nombre) values ('022427LB', CONVERT (DATE,'14/11/1993',103), '00219105', '000012', 2, 2, 'id4074', 'id2465', 'Ballroom, The (Chega de Saudade)');
insert into EJEMPLAR (id, fecha_publicacion, id_autor, id_etiqueta, id_idioma, id_formato  , id_palabra_clave, id_editorial, Nombre) values ('022428LB', CONVERT (DATE,'05/12/1996',103), '00219160', '000012', 1, 2, 'id3475', 'id2586', 'Last Days of Mussolini (Mussolini: Ultimo atto)');
insert into EJEMPLAR (id, fecha_publicacion, id_autor, id_etiqueta, id_idioma, id_formato  , id_palabra_clave, id_editorial, Nombre) values ('022429LB', CONVERT (DATE,'01/01/1980',103), '00219161', '000013', 1, 2, 'id3375', 'id2713', 'To Tulsa and Back: On Tour with J.J. Cale');
insert into EJEMPLAR (id, fecha_publicacion, id_autor, id_etiqueta, id_idioma, id_formato  , id_palabra_clave, id_editorial, Nombre) values ('022430LB', CONVERT (DATE,'14/10/2007',103), '00219155', '000012', 2, 1, 'id1656', 'id3390', 'Lisa');
insert into EJEMPLAR (id, fecha_publicacion, id_autor, id_etiqueta, id_idioma, id_formato  , id_palabra_clave, id_editorial, Nombre) values ('022431LB', CONVERT (DATE,'28/04/1965',103), '00219179', '000012', 1, 1, 'id1178', 'id4756', 'In the Fog (V tumane)');
insert into EJEMPLAR (id, fecha_publicacion, id_autor, id_etiqueta, id_idioma, id_formato  , id_palabra_clave, id_editorial, Nombre) values ('022432LB', CONVERT (DATE,'11/12/2002',103), '00219185', '000013', 2, 2, 'id1941', 'id3372', 'Little Princess, The');
insert into EJEMPLAR (id, fecha_publicacion, id_autor, id_etiqueta, id_idioma, id_formato  , id_palabra_clave, id_editorial, Nombre) values ('022433LB', CONVERT (DATE,'21/10/2015',103), '00219183', '000013', 2, 1, 'id2075', 'id2465', 'Mad Love (Sappho)');
insert into EJEMPLAR (id, fecha_publicacion, id_autor, id_etiqueta, id_idioma, id_formato  , id_palabra_clave, id_editorial, Nombre) values ('022434LB', CONVERT (DATE,'27/01/1991',103), '00219164', '000012', 2, 2, 'id2274', 'id4762', '388 Arletta Avenue');
insert into EJEMPLAR (id, fecha_publicacion, id_autor, id_etiqueta, id_idioma, id_formato  , id_palabra_clave, id_editorial, Nombre) values ('022435LB', CONVERT (DATE,'30/05/2008',103), '00219113', '000012', 1, 2, 'id4029', 'id3493', 'Eloise at the Plaza');
insert into EJEMPLAR (id, fecha_publicacion, id_autor, id_etiqueta, id_idioma, id_formato  , id_palabra_clave, id_editorial, Nombre) values ('022436LB', CONVERT (DATE,'12/03/1981',103), '00219107', '000011', 1, 1, 'id1596', 'id2586', 'Cameraman: The Life and Work of Jack Cardiff');
insert into EJEMPLAR (id, fecha_publicacion, id_autor, id_etiqueta, id_idioma, id_formato  , id_palabra_clave, id_editorial, Nombre) values ('022437LB', CONVERT (DATE,'04/07/1961',103), '00219114', '000013', 2, 2, 'id1916', 'id1740', 'Snowman, The');
insert into EJEMPLAR (id, fecha_publicacion, id_autor, id_etiqueta, id_idioma, id_formato  , id_palabra_clave, id_editorial, Nombre) values ('022438LB', CONVERT (DATE,'10/12/2009',103), '00219160', '000013', 1, 1, 'id3350', 'id3311', 'Unfinished Piece for a Player Piano, An (Neokonchennaya pyesa dlya mekhanicheskogo pianino)');
insert into EJEMPLAR (id, fecha_publicacion, id_autor, id_etiqueta, id_idioma, id_formato  , id_palabra_clave, id_editorial, Nombre) values ('022439LB', CONVERT (DATE,'11/03/2006',103), '00219182', '000013', 2, 1, 'id2034', 'id3390', 'Canon');
insert into EJEMPLAR (id, fecha_publicacion, id_autor, id_etiqueta, id_idioma, id_formato  , id_palabra_clave, id_editorial, Nombre) values ('022440LB', CONVERT (DATE,'03/09/1983',103), '00219106', '000011', 1, 2, 'id3999', 'id3493', 'Changing Lanes');
insert into EJEMPLAR (id, fecha_publicacion, id_autor, id_etiqueta, id_idioma, id_formato  , id_palabra_clave, id_editorial, Nombre) values ('022441LB', CONVERT (DATE,'28/04/1991',103), '00219133', '000012', 1, 2, 'id1657', 'id1818', 'Confession');
insert into EJEMPLAR (id, fecha_publicacion, id_autor, id_etiqueta, id_idioma, id_formato  , id_palabra_clave, id_editorial, Nombre) values ('022442LB', CONVERT (DATE,'11/12/2018',103), '00219179', '000012', 2, 2, 'id3113', 'id3372', 'Love Affair');
insert into EJEMPLAR (id, fecha_publicacion, id_autor, id_etiqueta, id_idioma, id_formato  , id_palabra_clave, id_editorial, Nombre) values ('022443LB', CONVERT (DATE,'18/08/2013',103), '00219122', '000013', 1, 1, 'id4699', 'id1254', 'Switchback');
insert into EJEMPLAR (id, fecha_publicacion, id_autor, id_etiqueta, id_idioma, id_formato  , id_palabra_clave, id_editorial, Nombre) values ('022444LB', CONVERT (DATE,'08/12/1988',103), '00219147', '000013', 1, 2, 'id3926', 'id4762', 'Sordid Lives');
insert into EJEMPLAR (id, fecha_publicacion, id_autor, id_etiqueta, id_idioma, id_formato  , id_palabra_clave, id_editorial, Nombre) values ('022445LB', CONVERT (DATE,'09/05/1989',103), '00219189', '000011', 2, 1, 'id1442', 'id1254', '24 City (Er shi si cheng ji)');
insert into EJEMPLAR (id, fecha_publicacion, id_autor, id_etiqueta, id_idioma, id_formato  , id_palabra_clave, id_editorial, Nombre) values ('022446LB', CONVERT (DATE,'25/11/2014',103), '00219168', '000013', 2, 2, 'id1529', 'id1818', 'Reconstituirea (Reconstruction)');
insert into EJEMPLAR (id, fecha_publicacion, id_autor, id_etiqueta, id_idioma, id_formato  , id_palabra_clave, id_editorial, Nombre) values ('022447LB', CONVERT (DATE,'26/02/1995',103), '00219163', '000013', 1, 2, 'id2561', 'id3390', 'Leave Her to Heaven');
insert into EJEMPLAR (id, fecha_publicacion, id_autor, id_etiqueta, id_idioma, id_formato  , id_palabra_clave, id_editorial, Nombre) values ('022448LB', CONVERT (DATE,'26/11/2016',103), '00219111', '000011', 2, 2, 'id4496', 'id4756', 'Bravados, The');
insert into EJEMPLAR (id, fecha_publicacion, id_autor, id_etiqueta, id_idioma, id_formato  , id_palabra_clave, id_editorial, Nombre) values ('022449LB', CONVERT (DATE,'26/03/1960',103), '00219136', '000011', 1, 2, 'id4387', 'id1020', 'Now or Never');
insert into EJEMPLAR (id, fecha_publicacion, id_autor, id_etiqueta, id_idioma, id_formato  , id_palabra_clave, id_editorial, Nombre) values ('022450LB', CONVERT (DATE,'11/02/1966',103), '00219113', '000012', 1, 1, 'id1529', 'id3493', 'Two Solutions for One Problem (Dow Rahehal Baraye yek Massaleh)');
insert into EJEMPLAR (id, fecha_publicacion, id_autor, id_etiqueta, id_idioma, id_formato  , id_palabra_clave, id_editorial, Nombre) values ('022451LB', CONVERT (DATE,'05/08/1964',103), '00219161', '000011', 1, 1, 'id4260', 'id3371', 'Noose, The (Petla)');
insert into EJEMPLAR (id, fecha_publicacion, id_autor, id_etiqueta, id_idioma, id_formato  , id_palabra_clave, id_editorial, Nombre) values ('022452LB', CONVERT (DATE,'26/11/1992',103), '00219183', '000012', 2, 2, 'id3135', 'id3387', 'Demons 2 (Dèmoni 2... l''incubo ritorna)');
insert into EJEMPLAR (id, fecha_publicacion, id_autor, id_etiqueta, id_idioma, id_formato  , id_palabra_clave, id_editorial, Nombre) values ('022453LB', CONVERT (DATE,'08/04/1969',103), '00219199', '000012', 1, 2, 'id2561', 'id4762', 'Death at a Funeral');
insert into EJEMPLAR (id, fecha_publicacion, id_autor, id_etiqueta, id_idioma, id_formato  , id_palabra_clave, id_editorial, Nombre) values ('022454LB', CONVERT (DATE,'13/10/1973',103), '00219123', '000013', 2, 1, 'id3591', 'id3493', 'Stella Dallas');
insert into EJEMPLAR (id, fecha_publicacion, id_autor, id_etiqueta, id_idioma, id_formato  , id_palabra_clave, id_editorial, Nombre) values ('022455LB', CONVERT (DATE,'12/10/2007',103), '00219186', '000013', 1, 2, 'id2957', 'id1740', 'House of the Spirits, The');
insert into EJEMPLAR (id, fecha_publicacion, id_autor, id_etiqueta, id_idioma, id_formato  , id_palabra_clave, id_editorial, Nombre) values ('022456LB', CONVERT (DATE,'19/12/1965',103), '00219117', '000013', 1, 2, 'id1182', 'id1254', 'Beautiful City (Shah-re ziba)');
insert into EJEMPLAR (id, fecha_publicacion, id_autor, id_etiqueta, id_idioma, id_formato  , id_palabra_clave, id_editorial, Nombre) values ('022457LB', CONVERT (DATE,'25/06/1972',103), '00219152', '000013', 1, 2, 'id3637', 'id1818', 'Film About a Woman Who...');
insert into EJEMPLAR (id, fecha_publicacion, id_autor, id_etiqueta, id_idioma, id_formato  , id_palabra_clave, id_editorial, Nombre) values ('022458LB', CONVERT (DATE,'28/03/2017',103), '00219190', '000011', 1, 1, 'id1916', 'id4756', 'Never Sleep Again: The Elm Street Legacy');
insert into EJEMPLAR (id, fecha_publicacion, id_autor, id_etiqueta, id_idioma, id_formato  , id_palabra_clave, id_editorial, Nombre) values ('022459LB', CONVERT (DATE,'20/07/1971',103), '00219101', '000013', 1, 1, 'id1496', 'id1818', 'Oki''s Movie (Ok-hui-ui yeonghwa)');
insert into EJEMPLAR (id, fecha_publicacion, id_autor, id_etiqueta, id_idioma, id_formato  , id_palabra_clave, id_editorial, Nombre) values ('022460LB', CONVERT (DATE,'28/10/1993',103), '00219131', '000013', 2, 1, 'id4496', 'id1818', 'Sidewalks of London (St. Martin''s Lane)');
insert into EJEMPLAR (id, fecha_publicacion, id_autor, id_etiqueta, id_idioma, id_formato  , id_palabra_clave, id_editorial, Nombre) values ('022461LB', CONVERT (DATE,'29/08/2010',103), '00219175', '000013', 2, 1, 'id2250', 'id1254', 'Waiting for Superman');
insert into EJEMPLAR (id, fecha_publicacion, id_autor, id_etiqueta, id_idioma, id_formato  , id_palabra_clave, id_editorial, Nombre) values ('022462LB', CONVERT (DATE,'20/02/2009',103), '00219190', '000012', 2, 1, 'id1657', 'id3493', 'Cheri');
insert into EJEMPLAR (id, fecha_publicacion, id_autor, id_etiqueta, id_idioma, id_formato  , id_palabra_clave, id_editorial, Nombre) values ('022463LB', CONVERT (DATE,'14/04/1965',103), '00219118', '000011', 2, 1, 'id3113', 'id3372', 'Salvage');
insert into EJEMPLAR (id, fecha_publicacion, id_autor, id_etiqueta, id_idioma, id_formato  , id_palabra_clave, id_editorial, Nombre) values ('022464LB', CONVERT (DATE,'20/10/2003',103), '00219171', '000012', 1, 2, 'id4717', 'id2465', 'Female Convict Scorpion: Jailhouse 41 (Joshuu sasori: Dai-41 zakkyo-bô)');
insert into EJEMPLAR (id, fecha_publicacion, id_autor, id_etiqueta, id_idioma, id_formato  , id_palabra_clave, id_editorial, Nombre) values ('022465LB', CONVERT (DATE,'08/06/1962',103), '00219114', '000013', 1, 2, 'id2965', 'id3372', 'Black Sunday');
insert into EJEMPLAR (id, fecha_publicacion, id_autor, id_etiqueta, id_idioma, id_formato  , id_palabra_clave, id_editorial, Nombre) values ('022466LB', CONVERT (DATE,'03/12/2007',103), '00219192', '000012', 2, 2, 'id1529', 'id3390', 'Molokai (Molokai: The Story of Father Damien)');
insert into EJEMPLAR (id, fecha_publicacion, id_autor, id_etiqueta, id_idioma, id_formato  , id_palabra_clave, id_editorial, Nombre) values ('022467LB', CONVERT (DATE,'31/01/1969',103), '00219134', '000011', 1, 2, 'id2075', 'id1254', 'Adventures of Tintin, The');
insert into EJEMPLAR (id, fecha_publicacion, id_autor, id_etiqueta, id_idioma, id_formato  , id_palabra_clave, id_editorial, Nombre) values ('022468LB', CONVERT (DATE,'05/11/1988',103), '00219166', '000013', 1, 2, 'id3838', 'id4762', 'Matinee');
insert into EJEMPLAR (id, fecha_publicacion, id_autor, id_etiqueta, id_idioma, id_formato  , id_palabra_clave, id_editorial, Nombre) values ('022469LB', CONVERT (DATE,'30/01/1974',103), '00219114', '000011', 1, 1, 'id3941', 'id1740', 'The Emperor''s Club');
insert into EJEMPLAR (id, fecha_publicacion, id_autor, id_etiqueta, id_idioma, id_formato  , id_palabra_clave, id_editorial, Nombre) values ('022470LB', CONVERT (DATE,'07/06/1997',103), '00219188', '000011', 1, 2, 'id1400', 'id3371', 'Paper Birds (Pájaros de papel)');
insert into EJEMPLAR (id, fecha_publicacion, id_autor, id_etiqueta, id_idioma, id_formato  , id_palabra_clave, id_editorial, Nombre) values ('022471LB', CONVERT (DATE,'23/08/1967',103), '00219141', '000012', 2, 2, 'id4230', 'id3311', 'Corn Island (Simindis kundzuli)');
insert into EJEMPLAR (id, fecha_publicacion, id_autor, id_etiqueta, id_idioma, id_formato  , id_palabra_clave, id_editorial, Nombre) values ('022472LB', CONVERT (DATE,'05/10/2005',103), '00219135', '000013', 2, 1, 'id1544', 'id2586', 'Country Strong');
insert into EJEMPLAR (id, fecha_publicacion, id_autor, id_etiqueta, id_idioma, id_formato  , id_palabra_clave, id_editorial, Nombre) values ('022473LB', CONVERT (DATE,'12/12/1998',103), '00219102', '000011', 2, 2, 'id1400', 'id4756', 'Match King, The');
insert into EJEMPLAR (id, fecha_publicacion, id_autor, id_etiqueta, id_idioma, id_formato  , id_palabra_clave, id_editorial, Nombre) values ('022474LB', CONVERT (DATE,'26/02/2000',103), '00219170', '000011', 1, 2, 'id3076', 'id4762', 'Incredible Mr. Limpet, The');
insert into EJEMPLAR (id, fecha_publicacion, id_autor, id_etiqueta, id_idioma, id_formato  , id_palabra_clave, id_editorial, Nombre) values ('022475LB', CONVERT (DATE,'30/07/1963',103), '00219196', '000011', 2, 2, 'id4628', 'id2624', 'Windows');
insert into EJEMPLAR (id, fecha_publicacion, id_autor, id_etiqueta, id_idioma, id_formato  , id_palabra_clave, id_editorial, Nombre) values ('022476LB', CONVERT (DATE,'11/07/1973',103), '00219112', '000013', 2, 1, 'id1169', 'id1254', 'Five');
insert into EJEMPLAR (id, fecha_publicacion, id_autor, id_etiqueta, id_idioma, id_formato  , id_palabra_clave, id_editorial, Nombre) values ('022477LB', CONVERT (DATE,'06/09/1988',103), '00219189', '000011', 1, 1, 'id1504', 'id2713', 'Assassin Next Door, The (Kirot)');
insert into EJEMPLAR (id, fecha_publicacion, id_autor, id_etiqueta, id_idioma, id_formato  , id_palabra_clave, id_editorial, Nombre) values ('022478LB', CONVERT (DATE,'05/08/2016',103), '00219193', '000013', 1, 2, 'id4265', 'id4762', 'Dead Pit, The');
insert into EJEMPLAR (id, fecha_publicacion, id_autor, id_etiqueta, id_idioma, id_formato  , id_palabra_clave, id_editorial, Nombre) values ('022479LB', CONVERT (DATE,'14/02/2016',103), '00219144', '000011', 2, 2, 'id3771', 'id2624', 'Hôtel du Nord');
insert into EJEMPLAR (id, fecha_publicacion, id_autor, id_etiqueta, id_idioma, id_formato  , id_palabra_clave, id_editorial, Nombre) values ('022480LB', CONVERT (DATE,'15/02/1999',103), '00219158', '000013', 2, 1, 'id3113', 'id1818', 'ChubbChubbs!, The');
insert into EJEMPLAR (id, fecha_publicacion, id_autor, id_etiqueta, id_idioma, id_formato  , id_palabra_clave, id_editorial, Nombre) values ('022481LB', CONVERT (DATE,'05/10/1971',103), '00219178', '000013', 1, 2, 'id1613', 'id3493', 'Killer at Large');
insert into EJEMPLAR (id, fecha_publicacion, id_autor, id_etiqueta, id_idioma, id_formato  , id_palabra_clave, id_editorial, Nombre) values ('022482LB', CONVERT (DATE,'25/01/1971',103), '00219127', '000013', 1, 1, 'id1799', 'id3371', 'Scanner Darkly, A');
insert into EJEMPLAR (id, fecha_publicacion, id_autor, id_etiqueta, id_idioma, id_formato  , id_palabra_clave, id_editorial, Nombre) values ('022483LB', CONVERT (DATE,'06/09/1971',103), '00219117', '000012', 2, 1, 'id1799', 'id3311', 'Warriors, The');
insert into EJEMPLAR (id, fecha_publicacion, id_autor, id_etiqueta, id_idioma, id_formato  , id_palabra_clave, id_editorial, Nombre) values ('022484LB', CONVERT (DATE,'03/02/1980',103), '00219113', '000011', 2, 1, 'id4755', 'id3493', 'Fullmetal Alchemist: The Sacred Star of Milos');
insert into EJEMPLAR (id, fecha_publicacion, id_autor, id_etiqueta, id_idioma, id_formato  , id_palabra_clave, id_editorial, Nombre) values ('022485LB', CONVERT (DATE,'24/11/1984',103), '00219165', '000012', 1, 1, 'id1182', 'id3493', 'Black Friday');
insert into EJEMPLAR (id, fecha_publicacion, id_autor, id_etiqueta, id_idioma, id_formato  , id_palabra_clave, id_editorial, Nombre) values ('022486LB', CONVERT (DATE,'21/02/1996',103), '00219138', '000011', 2, 1, 'id2729', 'id2624', 'Girl from the Naked Eye, The');
insert into EJEMPLAR (id, fecha_publicacion, id_autor, id_etiqueta, id_idioma, id_formato  , id_palabra_clave, id_editorial, Nombre) values ('022487LB', CONVERT (DATE,'16/11/1990',103), '00219162', '000011', 1, 1, 'id2393', 'id2713', 'Princess and the Frog, The');
insert into EJEMPLAR (id, fecha_publicacion, id_autor, id_etiqueta, id_idioma, id_formato  , id_palabra_clave, id_editorial, Nombre) values ('022488LB', CONVERT (DATE,'21/09/2015',103), '00219129', '000011', 1, 2, 'id2965', 'id3372', 'Death Wish');
insert into EJEMPLAR (id, fecha_publicacion, id_autor, id_etiqueta, id_idioma, id_formato  , id_palabra_clave, id_editorial, Nombre) values ('022489LB', CONVERT (DATE,'18/10/1983',103), '00219108', '000011', 2, 2, 'id3135', 'id1654', 'Black Camel, The (Charlie Chan in the Black Camel)');
insert into EJEMPLAR (id, fecha_publicacion, id_autor, id_etiqueta, id_idioma, id_formato  , id_palabra_clave, id_editorial, Nombre) values ('022490LB', CONVERT (DATE,'19/04/1976',103), '00219115', '000012', 2, 1, 'id4380', 'id3390', 'Paul Williams Still Alive');
insert into EJEMPLAR (id, fecha_publicacion, id_autor, id_etiqueta, id_idioma, id_formato  , id_palabra_clave, id_editorial, Nombre) values ('022491LB', CONVERT (DATE,'19/10/1986',103), '00219157', '000013', 1, 1, 'id4260', 'id3372', 'Genghis Blues');
insert into EJEMPLAR (id, fecha_publicacion, id_autor, id_etiqueta, id_idioma, id_formato  , id_palabra_clave, id_editorial, Nombre) values ('022492LB', CONVERT (DATE,'02/07/1964',103), '00219152', '000012', 2, 1, 'id2957', 'id3387', 'Agent Vinod');
insert into EJEMPLAR (id, fecha_publicacion, id_autor, id_etiqueta, id_idioma, id_formato  , id_palabra_clave, id_editorial, Nombre) values ('022493LB', CONVERT (DATE,'13/10/2018',103), '00219126', '000011', 2, 1, 'id2906', 'id1020', 'Phantom Carriage, The (Körkarlen)');
insert into EJEMPLAR (id, fecha_publicacion, id_autor, id_etiqueta, id_idioma, id_formato  , id_palabra_clave, id_editorial, Nombre) values ('022494LB', CONVERT (DATE,'13/05/1990',103), '00219166', '000013', 1, 1, 'id1657', 'id2713', 'Cut');
insert into EJEMPLAR (id, fecha_publicacion, id_autor, id_etiqueta, id_idioma, id_formato  , id_palabra_clave, id_editorial, Nombre) values ('022495LB', CONVERT (DATE,'07/01/2005',103), '00219142', '000013', 1, 1, 'id3135', 'id4762', 'Bonneville');
insert into EJEMPLAR (id, fecha_publicacion, id_autor, id_etiqueta, id_idioma, id_formato  , id_palabra_clave, id_editorial, Nombre) values ('022496LB', CONVERT (DATE,'29/01/1973',103), '00219166', '000011', 2, 1, 'id1493', 'id2586', 'Supercop (Police Story 3: Supercop) (Jing cha gu shi III: Chao ji jing cha)');
insert into EJEMPLAR (id, fecha_publicacion, id_autor, id_etiqueta, id_idioma, id_formato  , id_palabra_clave, id_editorial, Nombre) values ('022497LB', CONVERT (DATE,'11/02/1971',103), '00219165', '000012', 2, 2, 'id3838', 'id3372', 'Pageant');
insert into EJEMPLAR (id, fecha_publicacion, id_autor, id_etiqueta, id_idioma, id_formato  , id_palabra_clave, id_editorial, Nombre) values ('022498LB', CONVERT (DATE,'04/09/1997',103), '00219102', '000013', 2, 1, 'id3135', 'id1740', 'Mister 880');
insert into EJEMPLAR (id, fecha_publicacion, id_autor, id_etiqueta, id_idioma, id_formato  , id_palabra_clave, id_editorial, Nombre) values ('022499LB', CONVERT (DATE,'16/04/1980',103), '00219175', '000013', 2, 1, 'id1544', 'id3387', 'Exterminator, The');
insert into EJEMPLAR (id, fecha_publicacion, id_autor, id_etiqueta, id_idioma, id_formato  , id_palabra_clave, id_editorial, Nombre) values ('022500LB', CONVERT (DATE,'18/05/1992',103), '00219176', '000013', 1, 1, 'id1504', 'id3493', 'Maze, The');
insert into EJEMPLAR (id, fecha_publicacion, id_autor, id_etiqueta, id_idioma, id_formato  , id_palabra_clave, id_editorial, Nombre) values ('022501LB', CONVERT (DATE,'08/09/1978',103), '00219119', '000011', 1, 2, 'id1182', 'id4516', 'Black Sheep');
insert into EJEMPLAR (id, fecha_publicacion, id_autor, id_etiqueta, id_idioma, id_formato  , id_palabra_clave, id_editorial, Nombre) values ('022502LB', CONVERT (DATE,'31/05/1975',103), '00219116', '000013', 2, 2, 'id1941', 'id4762', 'Best of the Best');
insert into EJEMPLAR (id, fecha_publicacion, id_autor, id_etiqueta, id_idioma, id_formato  , id_palabra_clave, id_editorial, Nombre) values ('022503LB', CONVERT (DATE,'05/05/1981',103), '00219100', '000013', 1, 1, 'id2906', 'id3372', 'Running');
insert into EJEMPLAR (id, fecha_publicacion, id_autor, id_etiqueta, id_idioma, id_formato  , id_palabra_clave, id_editorial, Nombre) values ('022504LB', CONVERT (DATE,'23/11/1993',103), '00219117', '000013', 1, 2, 'id3999', 'id3493', 'Soldier in the Rain');
insert into EJEMPLAR (id, fecha_publicacion, id_autor, id_etiqueta, id_idioma, id_formato  , id_palabra_clave, id_editorial, Nombre) values ('022505LB', CONVERT (DATE,'12/08/2007',103), '00219124', '000012', 1, 2, 'id1656', 'id3390', 'Floundering');
insert into EJEMPLAR (id, fecha_publicacion, id_autor, id_etiqueta, id_idioma, id_formato  , id_palabra_clave, id_editorial, Nombre) values ('022506LB', CONVERT (DATE,'23/04/1978',103), '00219101', '000013', 1, 1, 'id1852', 'id2586', 'Dragonphoenix Chronicles: Indomitable, The');
insert into EJEMPLAR (id, fecha_publicacion, id_autor, id_etiqueta, id_idioma, id_formato  , id_palabra_clave, id_editorial, Nombre) values ('022507LB', CONVERT (DATE,'01/11/2018',103), '00219173', '000013', 2, 2, 'id1891', 'id4516', 'Circus of Horrors');
insert into EJEMPLAR (id, fecha_publicacion, id_autor, id_etiqueta, id_idioma, id_formato  , id_palabra_clave, id_editorial, Nombre) values ('022508LB', CONVERT (DATE,'09/11/2002',103), '00219116', '000012', 1, 2, 'id3361', 'id3311', 'Goodbye, South, Goodbye (Nan guo zai jian, nan guo)');
insert into EJEMPLAR (id, fecha_publicacion, id_autor, id_etiqueta, id_idioma, id_formato  , id_palabra_clave, id_editorial, Nombre) values ('022509LB', CONVERT (DATE,'27/02/2020',103), '00219183', '000013', 1, 2, 'id3375', 'id1740', 'Basquiat');
insert into EJEMPLAR (id, fecha_publicacion, id_autor, id_etiqueta, id_idioma, id_formato  , id_palabra_clave, id_editorial, Nombre) values ('022510LB', CONVERT (DATE,'22/05/1990',103), '00219121', '000011', 2, 1, 'id4628', 'id4762', 'Cosmic Monster, The');
insert into EJEMPLAR (id, fecha_publicacion, id_autor, id_etiqueta, id_idioma, id_formato  , id_palabra_clave, id_editorial, Nombre) values ('022511LB', CONVERT (DATE,'17/08/1980',103), '00219179', '000012', 2, 1, 'id4485', 'id3371', 'Dirty Movie');
insert into EJEMPLAR (id, fecha_publicacion, id_autor, id_etiqueta, id_idioma, id_formato  , id_palabra_clave, id_editorial, Nombre) values ('022512LB', CONVERT (DATE,'16/05/1994',103), '00219144', '000013', 1, 1, 'id3076', 'id2624', 'Hothead (Coup de tête)');
insert into EJEMPLAR (id, fecha_publicacion, id_autor, id_etiqueta, id_idioma, id_formato  , id_palabra_clave, id_editorial, Nombre) values ('022513LB', CONVERT (DATE,'03/08/1967',103), '00219186', '000013', 1, 1, 'id1178', 'id2465', 'Snow White (Blancanieves)');
insert into EJEMPLAR (id, fecha_publicacion, id_autor, id_etiqueta, id_idioma, id_formato  , id_palabra_clave, id_editorial, Nombre) values ('022514LB', CONVERT (DATE,'07/11/1985',103), '00219197', '000011', 1, 1, 'id3787', 'id1654', 'O Amor das Três Romãs');
insert into EJEMPLAR (id, fecha_publicacion, id_autor, id_etiqueta, id_idioma, id_formato  , id_palabra_clave, id_editorial, Nombre) values ('022515LB', CONVERT (DATE,'29/01/2020',103), '00219150', '000011', 2, 1, 'id3591', 'id1818', 'C.O.G.');
insert into EJEMPLAR (id, fecha_publicacion, id_autor, id_etiqueta, id_idioma, id_formato  , id_palabra_clave, id_editorial, Nombre) values ('022516LB', CONVERT (DATE,'06/11/1960',103), '00219194', '000012', 2, 2, 'id1613', 'id2465', 'Wuthering Heights');
insert into EJEMPLAR (id, fecha_publicacion, id_autor, id_etiqueta, id_idioma, id_formato  , id_palabra_clave, id_editorial, Nombre) values ('022517LB', CONVERT (DATE,'17/06/2002',103), '00219131', '000013', 1, 2, 'id1863', 'id3493', 'Sherlock Jr.');
insert into EJEMPLAR (id, fecha_publicacion, id_autor, id_etiqueta, id_idioma, id_formato  , id_palabra_clave, id_editorial, Nombre) values ('022518LB', CONVERT (DATE,'15/04/2021',103), '00219178', '000012', 1, 2, 'id3019', 'id2624', 'Doppelgänger Paul');
insert into EJEMPLAR (id, fecha_publicacion, id_autor, id_etiqueta, id_idioma, id_formato  , id_palabra_clave, id_editorial, Nombre) values ('022519LB', CONVERT (DATE,'14/01/1996',103), '00219197', '000012', 1, 2, 'id4265', 'id4762', 'People on Sunday (Menschen am Sonntag)');
insert into EJEMPLAR (id, fecha_publicacion, id_autor, id_etiqueta, id_idioma, id_formato  , id_palabra_clave, id_editorial, Nombre) values ('022520LB', CONVERT (DATE,'20/01/2003',103), '00219143', '000011', 1, 1, 'id3342', 'id3387', 'Phantom of the Opera, The');
insert into EJEMPLAR (id, fecha_publicacion, id_autor, id_etiqueta, id_idioma, id_formato  , id_palabra_clave, id_editorial, Nombre) values ('022521LB', CONVERT (DATE,'12/03/1975',103), '00219152', '000012', 1, 1, 'id3838', 'id1254', 'Son, The (Le fils)');
insert into EJEMPLAR (id, fecha_publicacion, id_autor, id_etiqueta, id_idioma, id_formato  , id_palabra_clave, id_editorial, Nombre) values ('022522LB', CONVERT (DATE,'14/09/2014',103), '00219106', '000011', 2, 1, 'id1941', 'id4516', 'Supercross');
insert into EJEMPLAR (id, fecha_publicacion, id_autor, id_etiqueta, id_idioma, id_formato  , id_palabra_clave, id_editorial, Nombre) values ('022523LB', CONVERT (DATE,'29/06/2017',103), '00219183', '000013', 1, 2, 'id1504', 'id3372', 'Blood: The Last Vampire');
insert into EJEMPLAR (id, fecha_publicacion, id_autor, id_etiqueta, id_idioma, id_formato  , id_palabra_clave, id_editorial, Nombre) values ('022524LB', CONVERT (DATE,'20/12/2009',103), '00219141', '000013', 1, 2, 'id1503', 'id3372', 'Torch Song');
insert into EJEMPLAR (id, fecha_publicacion, id_autor, id_etiqueta, id_idioma, id_formato  , id_palabra_clave, id_editorial, Nombre) values ('022525LB', CONVERT (DATE,'25/04/2001',103), '00219158', '000013', 2, 2, 'id1916', 'id3372', 'Man Next Door, The (El hombre de al lado)');
insert into EJEMPLAR (id, fecha_publicacion, id_autor, id_etiqueta, id_idioma, id_formato  , id_palabra_clave, id_editorial, Nombre) values ('022526LB', CONVERT (DATE,'12/12/1972',103), '00219114', '000012', 2, 2, 'id3926', 'id3371', 'Double Or Nothing');
insert into EJEMPLAR (id, fecha_publicacion, id_autor, id_etiqueta, id_idioma, id_formato  , id_palabra_clave, id_editorial, Nombre) values ('022527LB', CONVERT (DATE,'16/07/2001',103), '00219195', '000012', 2, 2, 'id4708', 'id3311', 'Little Vampire, The');
insert into EJEMPLAR (id, fecha_publicacion, id_autor, id_etiqueta, id_idioma, id_formato  , id_palabra_clave, id_editorial, Nombre) values ('022528LB', CONVERT (DATE,'01/04/2014',103), '00219155', '000013', 1, 2, 'id3135', 'id2624', 'Lucky Star');
insert into EJEMPLAR (id, fecha_publicacion, id_autor, id_etiqueta, id_idioma, id_formato  , id_palabra_clave, id_editorial, Nombre) values ('022529LB', CONVERT (DATE,'27/11/1962',103), '00219143', '000011', 1, 2, 'id4380', 'id3372', 'They Call Him Bulldozer (Lo chiamavano Bulldozer)');
insert into EJEMPLAR (id, fecha_publicacion, id_autor, id_etiqueta, id_idioma, id_formato  , id_palabra_clave, id_editorial, Nombre) values ('022530LB', CONVERT (DATE,'14/06/2002',103), '00219109', '000013', 2, 2, 'id4380', 'id2713', 'Song of Freedom');
insert into EJEMPLAR (id, fecha_publicacion, id_autor, id_etiqueta, id_idioma, id_formato  , id_palabra_clave, id_editorial, Nombre) values ('022531LB', CONVERT (DATE,'08/03/1965',103), '00219194', '000012', 2, 2, 'id3361', 'id4756', 'Miracles');
insert into EJEMPLAR (id, fecha_publicacion, id_autor, id_etiqueta, id_idioma, id_formato  , id_palabra_clave, id_editorial, Nombre) values ('022532LB', CONVERT (DATE,'17/02/1967',103), '00219182', '000011', 2, 2, 'id1351', 'id4756', 'Rain or Shine');
insert into EJEMPLAR (id, fecha_publicacion, id_autor, id_etiqueta, id_idioma, id_formato  , id_palabra_clave, id_editorial, Nombre) values ('022533LB', CONVERT (DATE,'28/09/1975',103), '00219119', '000012', 2, 1, 'id2034', 'id3372', 'The Cheat');
insert into EJEMPLAR (id, fecha_publicacion, id_autor, id_etiqueta, id_idioma, id_formato  , id_palabra_clave, id_editorial, Nombre) values ('022534LB', CONVERT (DATE,'11/02/1978',103), '00219123', '000012', 1, 1, 'id3475', 'id1818', 'Ten');
insert into EJEMPLAR (id, fecha_publicacion, id_autor, id_etiqueta, id_idioma, id_formato  , id_palabra_clave, id_editorial, Nombre) values ('022535LB', CONVERT (DATE,'31/03/2011',103), '00219102', '000012', 2, 2, 'id2852', 'id3493', 'While the City Sleeps');
insert into EJEMPLAR (id, fecha_publicacion, id_autor, id_etiqueta, id_idioma, id_formato  , id_palabra_clave, id_editorial, Nombre) values ('022536LB', CONVERT (DATE,'30/04/1989',103), '00219119', '000012', 1, 2, 'id4916', 'id3387', 'Wicked Lady, The');
insert into EJEMPLAR (id, fecha_publicacion, id_autor, id_etiqueta, id_idioma, id_formato  , id_palabra_clave, id_editorial, Nombre) values ('022537LB', CONVERT (DATE,'20/03/2012',103), '00219129', '000011', 2, 1, 'id2906', 'id3371', 'Patriot, The');
insert into EJEMPLAR (id, fecha_publicacion, id_autor, id_etiqueta, id_idioma, id_formato  , id_palabra_clave, id_editorial, Nombre) values ('022538LB', CONVERT (DATE,'01/01/1961',103), '00219111', '000013', 1, 2, 'id3685', 'id4762', 'Poolhall Junkies');
insert into EJEMPLAR (id, fecha_publicacion, id_autor, id_etiqueta, id_idioma, id_formato  , id_palabra_clave, id_editorial, Nombre) values ('022539LB', CONVERT (DATE,'19/08/2011',103), '00219151', '000013', 1, 1, 'id3941', 'id1654', 'My Dog Tulip');
insert into EJEMPLAR (id, fecha_publicacion, id_autor, id_etiqueta, id_idioma, id_formato  , id_palabra_clave, id_editorial, Nombre) values ('022540LB', CONVERT (DATE,'08/07/1982',103), '00219177', '000013', 2, 2, 'id1496', 'id1654', 'Matchstick Men');
insert into EJEMPLAR (id, fecha_publicacion, id_autor, id_etiqueta, id_idioma, id_formato  , id_palabra_clave, id_editorial, Nombre) values ('022541LB', CONVERT (DATE,'24/01/1975',103), '00219153', '000011', 1, 1, 'id4755', 'id3387', 'Manderlay');
insert into EJEMPLAR (id, fecha_publicacion, id_autor, id_etiqueta, id_idioma, id_formato  , id_palabra_clave, id_editorial, Nombre) values ('022542LB', CONVERT (DATE,'26/04/1994',103), '00219116', '000011', 2, 1, 'id4230', 'id1740', 'Laid To Rest');
insert into EJEMPLAR (id, fecha_publicacion, id_autor, id_etiqueta, id_idioma, id_formato  , id_palabra_clave, id_editorial, Nombre) values ('022543LB', CONVERT (DATE,'09/10/1981',103), '00219135', '000012', 1, 2, 'id4936', 'id3387', 'I''ll Follow You Down');
insert into EJEMPLAR (id, fecha_publicacion, id_autor, id_etiqueta, id_idioma, id_formato  , id_palabra_clave, id_editorial, Nombre) values ('022544LB', CONVERT (DATE,'02/06/1995',103), '00219125', '000013', 2, 2, 'id2729', 'id4762', 'Suspended Animation');
insert into EJEMPLAR (id, fecha_publicacion, id_autor, id_etiqueta, id_idioma, id_formato  , id_palabra_clave, id_editorial, Nombre) values ('022545LB', CONVERT (DATE,'13/09/2016',103), '00219169', '000012', 2, 2, 'id1482', 'id3372', '24 Hours on Craigslist');
insert into EJEMPLAR (id, fecha_publicacion, id_autor, id_etiqueta, id_idioma, id_formato  , id_palabra_clave, id_editorial, Nombre) values ('022546LB', CONVERT (DATE,'28/04/2002',103), '00219186', '000013', 2, 2, 'id2561', 'id1740', 'Hot Rock, The');
insert into EJEMPLAR (id, fecha_publicacion, id_autor, id_etiqueta, id_idioma, id_formato  , id_palabra_clave, id_editorial, Nombre) values ('022547LB', CONVERT (DATE,'03/02/1988',103), '00219139', '000011', 1, 1, 'id1544', 'id2465', 'Dungeons & Dragons');
insert into EJEMPLAR (id, fecha_publicacion, id_autor, id_etiqueta, id_idioma, id_formato  , id_palabra_clave, id_editorial, Nombre) values ('022548LB', CONVERT (DATE,'06/04/1981',103), '00219118', '000013', 1, 1, 'id1169', 'id1818', 'My Man (Mon homme)');
insert into EJEMPLAR (id, fecha_publicacion, id_autor, id_etiqueta, id_idioma, id_formato  , id_palabra_clave, id_editorial, Nombre) values ('022549LB', CONVERT (DATE,'01/08/2002',103), '00219148', '000013', 1, 2, 'id2953', 'id1818', 'Believer, The');
insert into EJEMPLAR (id, fecha_publicacion, id_autor, id_etiqueta, id_idioma, id_formato  , id_palabra_clave, id_editorial, Nombre) values ('022550LB', CONVERT (DATE,'18/07/1969',103), '00219144', '000012', 1, 1, 'id2432', 'id4756', 'Buddy');
insert into EJEMPLAR (id, fecha_publicacion, id_autor, id_etiqueta, id_idioma, id_formato  , id_palabra_clave, id_editorial, Nombre) values ('022551LB', CONVERT (DATE,'03/01/1972',103), '00219129', '000011', 1, 1, 'id3838', 'id3371', 'Class Act');
insert into EJEMPLAR (id, fecha_publicacion, id_autor, id_etiqueta, id_idioma, id_formato  , id_palabra_clave, id_editorial, Nombre) values ('022552LB', CONVERT (DATE,'13/01/1986',103), '00219119', '000011', 1, 1, 'id4265', 'id1654', 'Partners in Crime (Associés contre le crime...)');
insert into EJEMPLAR (id, fecha_publicacion, id_autor, id_etiqueta, id_idioma, id_formato  , id_palabra_clave, id_editorial, Nombre) values ('022553LB', CONVERT (DATE,'11/10/2012',103), '00219121', '000011', 1, 2, 'id3350', 'id3387', 'Wrestling Queens');
insert into EJEMPLAR (id, fecha_publicacion, id_autor, id_etiqueta, id_idioma, id_formato  , id_palabra_clave, id_editorial, Nombre) values ('022554LB', CONVERT (DATE,'06/11/1970',103), '00219148', '000012', 2, 1, 'id1863', 'id3493', 'Lost Boys: The Thirst');
insert into EJEMPLAR (id, fecha_publicacion, id_autor, id_etiqueta, id_idioma, id_formato  , id_palabra_clave, id_editorial, Nombre) values ('022555LB', CONVERT (DATE,'06/11/1979',103), '00219131', '000012', 2, 1, 'id1503', 'id4756', 'Artist, The (El Artista)');
insert into EJEMPLAR (id, fecha_publicacion, id_autor, id_etiqueta, id_idioma, id_formato  , id_palabra_clave, id_editorial, Nombre) values ('022556LB', CONVERT (DATE,'01/05/2019',103), '00219164', '000011', 2, 1, 'id4628', 'id4756', 'Blue Dahlia, The');
insert into EJEMPLAR (id, fecha_publicacion, id_autor, id_etiqueta, id_idioma, id_formato  , id_palabra_clave, id_editorial, Nombre) values ('022557LB', CONVERT (DATE,'30/12/1973',103), '00219143', '000013', 1, 1, 'id1657', 'id3387', 'Kapò');
insert into EJEMPLAR (id, fecha_publicacion, id_autor, id_etiqueta, id_idioma, id_formato  , id_palabra_clave, id_editorial, Nombre) values ('022558LB', CONVERT (DATE,'19/03/1999',103), '00219139', '000013', 1, 2, 'id1410', 'id2586', 'Picture Bride (Bijo photo)');
insert into EJEMPLAR (id, fecha_publicacion, id_autor, id_etiqueta, id_idioma, id_formato  , id_palabra_clave, id_editorial, Nombre) values ('022559LB', CONVERT (DATE,'06/07/1986',103), '00219184', '000012', 2, 1, 'id4717', 'id3493', 'Human Condition III, The (Ningen no joken III)');
insert into EJEMPLAR (id, fecha_publicacion, id_autor, id_etiqueta, id_idioma, id_formato  , id_palabra_clave, id_editorial, Nombre) values ('022560LB', CONVERT (DATE,'26/04/1966',103), '00219144', '000012', 1, 2, 'id4417', 'id2624', 'Valley, The (Obscured by Clouds) (La vallée)');
insert into EJEMPLAR (id, fecha_publicacion, id_autor, id_etiqueta, id_idioma, id_formato  , id_palabra_clave, id_editorial, Nombre) values ('022561LB', CONVERT (DATE,'09/08/1982',103), '00219118', '000012', 2, 1, 'id1366', 'id3311', 'Peyton Place');
insert into EJEMPLAR (id, fecha_publicacion, id_autor, id_etiqueta, id_idioma, id_formato  , id_palabra_clave, id_editorial, Nombre) values ('022562LB', CONVERT (DATE,'25/07/1973',103), '00219147', '000011', 1, 1, 'id3817', 'id1818', 'Desire: The Vampire');
insert into EJEMPLAR (id, fecha_publicacion, id_autor, id_etiqueta, id_idioma, id_formato  , id_palabra_clave, id_editorial, Nombre) values ('022563LB', CONVERT (DATE,'21/08/1971',103), '00219193', '000011', 1, 2, 'id3771', 'id3311', 'Crazy as Hell');
insert into EJEMPLAR (id, fecha_publicacion, id_autor, id_etiqueta, id_idioma, id_formato  , id_palabra_clave, id_editorial, Nombre) values ('022564LB', CONVERT (DATE,'30/01/2003',103), '00219131', '000011', 1, 1, 'id2957', 'id3372', 'Human Failure (Menschliches Versagen)');
insert into EJEMPLAR (id, fecha_publicacion, id_autor, id_etiqueta, id_idioma, id_formato  , id_palabra_clave, id_editorial, Nombre) values ('022565LB', CONVERT (DATE,'19/03/1960',103), '00219117', '000012', 1, 1, 'id4496', 'id3371', 'House on the Edge of the Park, The (Casa sperduta nel parco, La)');
insert into EJEMPLAR (id, fecha_publicacion, id_autor, id_etiqueta, id_idioma, id_formato  , id_palabra_clave, id_editorial, Nombre) values ('022566LB', CONVERT (DATE,'20/02/2018',103), '00219102', '000012', 2, 2, 'id4417', 'id1818', 'Goliyon Ki Raasleela Ram-Leela');
insert into EJEMPLAR (id, fecha_publicacion, id_autor, id_etiqueta, id_idioma, id_formato  , id_palabra_clave, id_editorial, Nombre) values ('022567LB', CONVERT (DATE,'10/08/1989',103), '00219155', '000012', 2, 2, 'id1178', 'id2713', 'Detroit 9000');
insert into EJEMPLAR (id, fecha_publicacion, id_autor, id_etiqueta, id_idioma, id_formato  , id_palabra_clave, id_editorial, Nombre) values ('022568LB', CONVERT (DATE,'13/04/1980',103), '00219122', '000012', 1, 1, 'id1841', 'id3493', 'American Adobo');
insert into EJEMPLAR (id, fecha_publicacion, id_autor, id_etiqueta, id_idioma, id_formato  , id_palabra_clave, id_editorial, Nombre) values ('022569LB', CONVERT (DATE,'03/05/1986',103), '00219172', '000011', 1, 2, 'id2280', 'id3372', 'Home Movie');
insert into EJEMPLAR (id, fecha_publicacion, id_autor, id_etiqueta, id_idioma, id_formato  , id_palabra_clave, id_editorial, Nombre) values ('022570LB', CONVERT (DATE,'07/08/2011',103), '00219175', '000011', 2, 1, 'id1496', 'id2465', 'Doing Time on Maple Drive');
insert into EJEMPLAR (id, fecha_publicacion, id_autor, id_etiqueta, id_idioma, id_formato  , id_palabra_clave, id_editorial, Nombre) values ('022571LB', CONVERT (DATE,'13/01/2001',103), '00219169', '000011', 2, 2, 'id1169', 'id3372', 'Koch');
insert into EJEMPLAR (id, fecha_publicacion, id_autor, id_etiqueta, id_idioma, id_formato  , id_palabra_clave, id_editorial, Nombre) values ('022572LB', CONVERT (DATE,'01/02/1978',103), '00219179', '000011', 1, 1, 'id4755', 'id1254', 'Charge of the Light Brigade, The');
insert into EJEMPLAR (id, fecha_publicacion, id_autor, id_etiqueta, id_idioma, id_formato  , id_palabra_clave, id_editorial, Nombre) values ('022573LB', CONVERT (DATE,'19/03/1991',103), '00219130', '000013', 1, 2, 'id1970', 'id1254', '27 Dresses');
insert into EJEMPLAR (id, fecha_publicacion, id_autor, id_etiqueta, id_idioma, id_formato  , id_palabra_clave, id_editorial, Nombre) values ('022574LB', CONVERT (DATE,'25/02/2004',103), '00219113', '000012', 1, 1, 'id4556', 'id3390', 'Beyond, The (E tu vivrai nel terrore - L''aldilà)');
insert into EJEMPLAR (id, fecha_publicacion, id_autor, id_etiqueta, id_idioma, id_formato  , id_palabra_clave, id_editorial, Nombre) values ('022575LB', CONVERT (DATE,'10/06/1975',103), '00219183', '000012', 1, 2, 'id1366', 'id2465', 'Boston''s Finest');
insert into EJEMPLAR (id, fecha_publicacion, id_autor, id_etiqueta, id_idioma, id_formato  , id_palabra_clave, id_editorial, Nombre) values ('022576LB', CONVERT (DATE,'14/08/2011',103), '00219131', '000012', 2, 2, 'id3375', 'id3493', 'Rick');
insert into EJEMPLAR (id, fecha_publicacion, id_autor, id_etiqueta, id_idioma, id_formato  , id_palabra_clave, id_editorial, Nombre) values ('022577LB', CONVERT (DATE,'01/07/2009',103), '00219101', '000012', 2, 2, 'id1482', 'id1654', 'Cremator, The (Spalovac mrtvol)');
insert into EJEMPLAR (id, fecha_publicacion, id_autor, id_etiqueta, id_idioma, id_formato  , id_palabra_clave, id_editorial, Nombre) values ('022578LB', CONVERT (DATE,'30/12/1975',103), '00219145', '000013', 1, 1, 'id1493', 'id3387', 'Safe House');
insert into EJEMPLAR (id, fecha_publicacion, id_autor, id_etiqueta, id_idioma, id_formato  , id_palabra_clave, id_editorial, Nombre) values ('022579LB', CONVERT (DATE,'11/11/1965',103), '00219199', '000011', 2, 1, 'id3591', 'id3387', 'Åsa-Nisse - Wälkom to Knohult');
insert into EJEMPLAR (id, fecha_publicacion, id_autor, id_etiqueta, id_idioma, id_formato  , id_palabra_clave, id_editorial, Nombre) values ('022580LB', CONVERT (DATE,'16/04/2022',103), '00219110', '000012', 2, 2, 'id2326', 'id2624', 'Trip to Italy, The');
insert into EJEMPLAR (id, fecha_publicacion, id_autor, id_etiqueta, id_idioma, id_formato  , id_palabra_clave, id_editorial, Nombre) values ('022581LB', CONVERT (DATE,'24/05/1983',103), '00219117', '000012', 1, 1, 'id2203', 'id1020', 'Way We Were, The');
insert into EJEMPLAR (id, fecha_publicacion, id_autor, id_etiqueta, id_idioma, id_formato  , id_palabra_clave, id_editorial, Nombre) values ('022582LB', CONVERT (DATE,'20/05/2012',103), '00219119', '000012', 2, 1, 'id3838', 'id1818', 'The Walking Stick');
insert into EJEMPLAR (id, fecha_publicacion, id_autor, id_etiqueta, id_idioma, id_formato  , id_palabra_clave, id_editorial, Nombre) values ('022583LB', CONVERT (DATE,'01/01/1978',103), '00219135', '000011', 1, 2, 'id2393', 'id1654', 'Black Sheep (Schwarze Schafe)');
insert into EJEMPLAR (id, fecha_publicacion, id_autor, id_etiqueta, id_idioma, id_formato  , id_palabra_clave, id_editorial, Nombre) values ('022584LB', CONVERT (DATE,'03/10/1998',103), '00219156', '000012', 2, 2, 'id4265', 'id2586', 'Habit');
insert into EJEMPLAR (id, fecha_publicacion, id_autor, id_etiqueta, id_idioma, id_formato  , id_palabra_clave, id_editorial, Nombre) values ('022585LB', CONVERT (DATE,'31/03/1976',103), '00219191', '000013', 1, 2, 'id2274', 'id3387', '360');
insert into EJEMPLAR (id, fecha_publicacion, id_autor, id_etiqueta, id_idioma, id_formato  , id_palabra_clave, id_editorial, Nombre) values ('022586LB', CONVERT (DATE,'04/12/1998',103), '00219171', '000011', 2, 2, 'id1916', 'id1020', 'Ordet (Word, The)');
insert into EJEMPLAR (id, fecha_publicacion, id_autor, id_etiqueta, id_idioma, id_formato  , id_palabra_clave, id_editorial, Nombre) values ('022587LB', CONVERT (DATE,'22/02/2012',103), '00219102', '000011', 2, 2, 'id1503', 'id1020', 'Thumbsucker');
insert into EJEMPLAR (id, fecha_publicacion, id_autor, id_etiqueta, id_idioma, id_formato  , id_palabra_clave, id_editorial, Nombre) values ('022588LB', CONVERT (DATE,'09/01/2012',103), '00219186', '000011', 1, 2, 'id3817', 'id2465', 'Five Pennies, The');
insert into EJEMPLAR (id, fecha_publicacion, id_autor, id_etiqueta, id_idioma, id_formato  , id_palabra_clave, id_editorial, Nombre) values ('022589LB', CONVERT (DATE,'21/03/1992',103), '00219153', '000011', 2, 1, 'id1400', 'id1254', 'Star Trek: Generations');
insert into EJEMPLAR (id, fecha_publicacion, id_autor, id_etiqueta, id_idioma, id_formato  , id_palabra_clave, id_editorial, Nombre) values ('022590LB', CONVERT (DATE,'12/10/1990',103), '00219133', '000011', 2, 2, 'id1799', 'id3371', 'Saving Otter 501');
insert into EJEMPLAR (id, fecha_publicacion, id_autor, id_etiqueta, id_idioma, id_formato  , id_palabra_clave, id_editorial, Nombre) values ('022591LB', CONVERT (DATE,'18/03/1960',103), '00219126', '000012', 1, 2, 'id2852', 'id2713', 'Time to Kill, A');
insert into EJEMPLAR (id, fecha_publicacion, id_autor, id_etiqueta, id_idioma, id_formato  , id_palabra_clave, id_editorial, Nombre) values ('022592LB', CONVERT (DATE,'27/11/1969',103), '00219147', '000012', 2, 1, 'id4260', 'id3371', 'Pulgasari');
insert into EJEMPLAR (id, fecha_publicacion, id_autor, id_etiqueta, id_idioma, id_formato  , id_palabra_clave, id_editorial, Nombre) values ('022593LB', CONVERT (DATE,'03/04/2012',103), '00219125', '000011', 1, 1, 'id1799', 'id4756', 'Good Burger');
insert into EJEMPLAR (id, fecha_publicacion, id_autor, id_etiqueta, id_idioma, id_formato  , id_palabra_clave, id_editorial, Nombre) values ('022594LB', CONVERT (DATE,'03/07/2012',103), '00219133', '000012', 2, 2, 'id4029', 'id1818', 'Ugly, The');
insert into EJEMPLAR (id, fecha_publicacion, id_autor, id_etiqueta, id_idioma, id_formato  , id_palabra_clave, id_editorial, Nombre) values ('022595LB', CONVERT (DATE,'26/10/1974',103), '00219177', '000013', 2, 2, 'id3637', 'id4516', 'Bal (Honey)');
insert into EJEMPLAR (id, fecha_publicacion, id_autor, id_etiqueta, id_idioma, id_formato  , id_palabra_clave, id_editorial, Nombre) values ('022596LB', CONVERT (DATE,'04/01/1988',103), '00219138', '000013', 2, 2, 'id1863', 'id3390', 'Stan Helsing');
insert into EJEMPLAR (id, fecha_publicacion, id_autor, id_etiqueta, id_idioma, id_formato  , id_palabra_clave, id_editorial, Nombre) values ('022597LB', CONVERT (DATE,'21/10/1987',103), '00219140', '000011', 2, 1, 'id1156', 'id2586', 'The Thirteen Assassins');
insert into EJEMPLAR (id, fecha_publicacion, id_autor, id_etiqueta, id_idioma, id_formato  , id_palabra_clave, id_editorial, Nombre) values ('022598LB', CONVERT (DATE,'27/02/1990',103), '00219192', '000011', 1, 1, 'id3153', 'id3311', 'Someone Like You');
insert into EJEMPLAR (id, fecha_publicacion, id_autor, id_etiqueta, id_idioma, id_formato  , id_palabra_clave, id_editorial, Nombre) values ('022599LB', CONVERT (DATE,'07/06/1960',103), '00219195', '000011', 1, 1, 'id3153', 'id2586', 'Solitary Man');
insert into EJEMPLAR (id, fecha_publicacion, id_autor, id_etiqueta, id_idioma, id_formato  , id_palabra_clave, id_editorial, Nombre) values ('022600LB', CONVERT (DATE,'05/01/1971',103), '00219135', '000011', 1, 2, 'id1400', 'id3371', 'Monster House');

insert into PISO (id,piso) values ('007121P','Primer piso');
insert into PISO (id,piso) values ('007123P','Segundo piso');
insert into PISO (id,piso) values ('007124P','Tercer piso');
insert into PISO (id,piso) values ('007125P','Cuarto piso');

insert into MATERIAL_BIBLIOGRAFICO (id,id_coleccion) values ('');


insert into AREA (id, nombre, descripcion,horario,id_piso,id_material_bibliografico,id_responsable) values 





--ADMINISTRADOR
GO
insert into ADMINISTRADOR (Id, Nombre, Contraseña) values ('00133221', 'Richard', 'X3sq8SAqaT');
insert into ADMINISTRADOR (Id, Nombre, Contraseña) values ('00052121', 'Robles', 'oRIGXF1R');
insert into ADMINISTRADOR (Id, Nombre, Contraseña) values ('00139121', 'Alejo', 'SHwQOct7');
insert into ADMINISTRADOR (Id, Nombre, Contraseña) values ('00150721', 'Tony', 'qSLXjEX2e');
GO
insert into INSTITUCION (id, Nombre) values ('0001910', 'Trilia');
insert into INSTITUCION (id, Nombre) values ('0001911', 'Yambee');
insert into INSTITUCION (id, Nombre) values ('0001912', 'Skyvu');
insert into INSTITUCION (id, Nombre) values ('0001913', 'Yodo');
insert into INSTITUCION (id, Nombre) values ('0001914', 'Dabtype');
insert into INSTITUCION (id, Nombre) values ('0001915', 'Gabtype');
insert into INSTITUCION (id, Nombre) values ('0001916', 'Trilia');
insert into INSTITUCION (id, Nombre) values ('0001917', 'Skibox');
insert into INSTITUCION (id, Nombre) values ('0001918', 'Twinte');
insert into INSTITUCION (id, Nombre) values ('0001919', 'Twitterlist');
insert into INSTITUCION (id, Nombre) values ('0001920', 'Yoveo');
insert into INSTITUCION (id, Nombre) values ('0001921', 'Twitterbeat');
insert into INSTITUCION (id, Nombre) values ('0001922', 'Brainbox');
insert into INSTITUCION (id, Nombre) values ('0001923', 'Youtags');
insert into INSTITUCION (id, Nombre) values ('0001924', 'Quatz');
insert into INSTITUCION (id, Nombre) values ('0001925', 'Jabberbean');
insert into INSTITUCION (id, Nombre) values ('0001926', 'Bubbletube');
insert into INSTITUCION (id, Nombre) values ('0001927', 'Mycat');
insert into INSTITUCION (id, Nombre) values ('0001928', 'Myworks');
insert into INSTITUCION (id, Nombre) values ('0001929', 'Eabox');
insert into INSTITUCION (id, Nombre) values ('0001930', 'Yacero');
GO
insert into OCUPACION (id, Nombre) values ('0006211', 'Estudiante');
insert into OCUPACION (id, Nombre) values ('0006212', 'Professor');
insert into OCUPACION (id, Nombre) values ('0006213', 'Particular');
insert into OCUPACION (id, Nombre) values ('0006214', 'Foraneo');


--USUARIOS 
GO
insert into CLIENTE (id, nombre_usuario, Contraseña , Nombre, Email, Direccion , Telefono , id_Institucion, id_Ocupacion) values ('0000100', 'kmarde2r', 'Sqkp27Hw0xQv', 'Kimmie Marde', 'kmarde2r@delicious.com', '0713 Trailsway Avenue', '+86 388 625 9119', '0001921', '0006214');
insert into CLIENTE (id, nombre_usuario, Contraseña , Nombre, Email, Direccion , Telefono , id_Institucion, id_Ocupacion) values ('0000101', 'sbardsley2s', '7OV0o0TIrnDn', 'Saidee Bardsley', 'sbardsley2s@stanford.edu', '61 Independence Drive', '+256 270 667 3332', '0001911', '0006214');
insert into CLIENTE (id, nombre_usuario, Contraseña , Nombre, Email, Direccion , Telefono , id_Institucion, id_Ocupacion) values ('0000102', 'mgolthorpp2t', 'izKQapah3', 'Myrta Golthorpp', 'mgolthorpp2t@ifeng.com', '882 Pierstorff Trail', '+86 951 586 3320', '0001914', '0006212');
insert into CLIENTE (id, nombre_usuario, Contraseña , Nombre, Email, Direccion , Telefono , id_Institucion, id_Ocupacion) values ('0000103', 'chardison2u', 'BSIzVk', 'Carlynn Hardison', 'chardison2u@dmoz.org', '81406 Westerfield Junction', '+970 288 469 6320', '0001914', '0006213');
insert into CLIENTE (id, nombre_usuario, Contraseña , Nombre, Email, Direccion , Telefono , id_Institucion, id_Ocupacion) values ('0000104', 'hagge2v', 'mN1htVodZ', 'Hirsch Agge', 'hagge2v@bandcamp.com', '81297 Shelley Center', '+55 126 105 4297', '0001930', '0006212');
insert into CLIENTE (id, nombre_usuario, Contraseña , Nombre, Email, Direccion , Telefono , id_Institucion, id_Ocupacion) values ('0000105', 'sroseburgh2w', 'w44lhF3c', 'Susana Roseburgh', 'sroseburgh2w@wp.com', '9 Red Cloud Pass', '+84 585 421 3342', '0001927', '0006212');
insert into CLIENTE (id, nombre_usuario, Contraseña , Nombre, Email, Direccion , Telefono , id_Institucion, id_Ocupacion) values ('0000106', 'pwark2x', 'tjhI9VCLyj', 'Prentiss Wark', 'pwark2x@jigsy.com', '817 Birchwood Terrace', '+66 966 876 0556', '0001914', '0006212');
insert into CLIENTE (id, nombre_usuario, Contraseña , Nombre, Email, Direccion , Telefono , id_Institucion, id_Ocupacion) values ('0000107', 'ehannah2y', 'RWkDhYQl', 'Emiline Hannah', 'ehannah2y@bbb.org', '55 Forest Run Circle', '+55 696 706 4576', '0001915', '0006211');
insert into CLIENTE (id, nombre_usuario, Contraseña , Nombre, Email, Direccion , Telefono , id_Institucion, id_Ocupacion) values ('0000108', 'brouzet2z', '9BdQ7sHfeP', 'Bobbe Rouzet', 'brouzet2z@google.cn', '0048 Tennessee Crossing', '+375 547 696 2948', '0001913', '0006213');
insert into CLIENTE (id, nombre_usuario, Contraseña , Nombre, Email, Direccion , Telefono , id_Institucion, id_Ocupacion) values ('0000109', 'boddboy30', 'jDWmjo', 'Berthe Oddboy', 'boddboy30@shinystat.com', '409 Farmco Parkway', '+62 673 251 9213', '0001916', '0006212');
insert into CLIENTE (id, nombre_usuario, Contraseña , Nombre, Email, Direccion , Telefono , id_Institucion, id_Ocupacion) values ('0000110', 'dhargerie31', 'FiNVqVS7Fz', 'Dorelle Hargerie', 'dhargerie31@patch.com', '5997 Messerschmidt Avenue', '+31 734 169 2226', '0001924', '0006212');
insert into CLIENTE (id, nombre_usuario, Contraseña , Nombre, Email, Direccion , Telefono , id_Institucion, id_Ocupacion) values ('0000111', 'nbusfield32', '9SMyRKObDt3i', 'Noel Busfield', 'nbusfield32@a8.net', '27185 Di Loreto Trail', '+64 491 628 5046', '0001923', '0006211');
insert into CLIENTE (id, nombre_usuario, Contraseña , Nombre, Email, Direccion , Telefono , id_Institucion, id_Ocupacion) values ('0000112', 'jgrange33', 'JxVbfdwt', 'Jodie Grange', 'jgrange33@shutterfly.com', '297 Pierstorff Junction', '+52 156 766 0402', '0001930', '0006214');
insert into CLIENTE (id, nombre_usuario, Contraseña , Nombre, Email, Direccion , Telefono , id_Institucion, id_Ocupacion) values ('0000113', 'bbortolotti34', 'F8HSfjzmS', 'Bank Bortolotti', 'bbortolotti34@deliciousdays.com', '5281 Summerview Point', '+86 634 848 8476', '0001915', '0006211');
insert into CLIENTE (id, nombre_usuario, Contraseña , Nombre, Email, Direccion , Telefono , id_Institucion, id_Ocupacion) values ('0000114', 'dsergeant35', 'lyFCYrz3', 'Daryl Sergeant', 'dsergeant35@gmpg.org', '046 Talisman Pass', '+48 203 197 1672', '0001927', '0006213');
insert into CLIENTE (id, nombre_usuario, Contraseña , Nombre, Email, Direccion , Telefono , id_Institucion, id_Ocupacion) values ('0000115', 'jpuffett36', 'oSQMfv', 'Jarid Puffett', 'jpuffett36@engadget.com', '00 Corry Pass', '+358 135 653 9387', '0001914', '0006211');
insert into CLIENTE (id, nombre_usuario, Contraseña , Nombre, Email, Direccion , Telefono , id_Institucion, id_Ocupacion) values ('0000116', 'grubenovic37', 'rbGX1LRT', 'Giselle Rubenovic', 'grubenovic37@blog.com', '4600 Comanche Lane', '+351 210 707 6712', '0001924', '0006214');
insert into CLIENTE (id, nombre_usuario, Contraseña , Nombre, Email, Direccion , Telefono , id_Institucion, id_Ocupacion) values ('0000117', 'afolley38', '3mwWSZjB', 'Arliene Folley', 'afolley38@ucsd.edu', '29755 Trailsway Way', '+63 846 917 3885', '0001924', '0006211');
insert into CLIENTE (id, nombre_usuario, Contraseña , Nombre, Email, Direccion , Telefono , id_Institucion, id_Ocupacion) values ('0000118', 'eendacott39', 'st1B9Ff', 'Eolande Endacott', 'eendacott39@dyndns.org', '94 Maryland Junction', '+62 499 934 2367', '0001927', '0006211');
insert into CLIENTE (id, nombre_usuario, Contraseña , Nombre, Email, Direccion , Telefono , id_Institucion, id_Ocupacion) values ('0000119', 'csunner3a', 'OEyx1TEm', 'Charmian Sunner', 'csunner3a@cornell.edu', '0136 7th Lane', '+46 441 152 7085', '0001927', '0006212');
insert into CLIENTE (id, nombre_usuario, Contraseña , Nombre, Email, Direccion , Telefono , id_Institucion, id_Ocupacion) values ('0000120', 'dcasaccia3b', 'GFpCuRpRx4P', 'Doy Casaccia', 'dcasaccia3b@mayoclinic.com', '9769 Hansons Lane', '+226 335 321 9796', '0001929', '0006213');
insert into CLIENTE (id, nombre_usuario, Contraseña , Nombre, Email, Direccion , Telefono , id_Institucion, id_Ocupacion) values ('0000121', 'opetto3c', 'xNHLjoY', 'Owen Petto', 'opetto3c@yahoo.co.jp', '29 Elgar Terrace', '+48 721 605 3388', '0001910', '0006211');
insert into CLIENTE (id, nombre_usuario, Contraseña , Nombre, Email, Direccion , Telefono , id_Institucion, id_Ocupacion) values ('0000122', 'rwhimper3d', 'nFh9ZQ1z', 'Riva Whimper', 'rwhimper3d@forbes.com', '8094 Glendale Place', '+963 991 843 9049', '0001924', '0006213');
insert into CLIENTE (id, nombre_usuario, Contraseña , Nombre, Email, Direccion , Telefono , id_Institucion, id_Ocupacion) values ('0000123', 'rferguson3e', 'lnDBalO', 'Redford Ferguson', 'rferguson3e@cnet.com', '90 Merry Center', '+358 384 824 0923', '0001929', '0006211');
insert into CLIENTE (id, nombre_usuario, Contraseña , Nombre, Email, Direccion , Telefono , id_Institucion, id_Ocupacion) values ('0000124', 'msetchell3f', 'SpxUBh97', 'Mureil Setchell', 'msetchell3f@addtoany.com', '43534 David Trail', '+389 833 381 3875', '0001916', '0006213');
insert into CLIENTE (id, nombre_usuario, Contraseña , Nombre, Email, Direccion , Telefono , id_Institucion, id_Ocupacion) values ('0000125', 'fmarvel3g', '893qidUCm3', 'Flin Marvel', 'fmarvel3g@ted.com', '8 Wayridge Hill', '+86 804 182 7476', '0001926', '0006211');
insert into CLIENTE (id, nombre_usuario, Contraseña , Nombre, Email, Direccion , Telefono , id_Institucion, id_Ocupacion) values ('0000126', 'bsmallridge3h', 'szUnxzl', 'Bary Smallridge', 'bsmallridge3h@deliciousdays.com', '5013 Charing Cross Street', '+86 430 456 0153', '0001922', '0006211');
insert into CLIENTE (id, nombre_usuario, Contraseña , Nombre, Email, Direccion , Telefono , id_Institucion, id_Ocupacion) values ('0000127', 'anegus3i', 'alyr8SPkZ', 'Anne-corinne Negus', 'anegus3i@taobao.com', '74 Blackbird Junction', '+86 520 149 7571', '0001912', '0006213');
insert into CLIENTE (id, nombre_usuario, Contraseña , Nombre, Email, Direccion , Telefono , id_Institucion, id_Ocupacion) values ('0000128', 'hroskelley3j', 'IAlVCzKO', 'Happy Roskelley', 'hroskelley3j@1und1.de', '562 Sunnyside Center', '+7 265 558 8209', '0001929', '0006211');
insert into CLIENTE (id, nombre_usuario, Contraseña , Nombre, Email, Direccion , Telefono , id_Institucion, id_Ocupacion) values ('0000129', 'cgitsham3k', '4tgbpYcpkj1', 'Cristiano Gitsham', 'cgitsham3k@example.com', '29 Hudson Hill', '+7 373 988 3953', '0001913', '0006213');
insert into CLIENTE (id, nombre_usuario, Contraseña , Nombre, Email, Direccion , Telefono , id_Institucion, id_Ocupacion) values ('0000130', 'tcoverley3l', 'vBHVZN9', 'Timmi Coverley', 'tcoverley3l@java.com', '36 Mcbride Alley', '+62 542 143 3630', '0001911', '0006214');
insert into CLIENTE (id, nombre_usuario, Contraseña , Nombre, Email, Direccion , Telefono , id_Institucion, id_Ocupacion) values ('0000131', 'aradford3m', 'j5xaeWs7', 'Albertina Radford', 'aradford3m@mapquest.com', '9598 Cherokee Place', '+1 917 946 1200', '0001910', '0006213');
insert into CLIENTE (id, nombre_usuario, Contraseña , Nombre, Email, Direccion , Telefono , id_Institucion, id_Ocupacion) values ('0000132', 'jkernoghan3n', 'RjR6yi8Le', 'Janis Kernoghan', 'jkernoghan3n@technorati.com', '8 Stoughton Lane', '+55 298 672 5811', '0001917', '0006213');
insert into CLIENTE (id, nombre_usuario, Contraseña , Nombre, Email, Direccion , Telefono , id_Institucion, id_Ocupacion) values ('0000133', 'csaundercock3o', 'jlG55T0', 'Colene Saundercock', 'csaundercock3o@biblegateway.com', '65 American Terrace', '+86 787 732 9305', '0001928', '0006211');
insert into CLIENTE (id, nombre_usuario, Contraseña , Nombre, Email, Direccion , Telefono , id_Institucion, id_Ocupacion) values ('0000134', 'kbleazard3p', 'J7YmXcA73', 'Ky Bleazard', 'kbleazard3p@newsvine.com', '6777 Lawn Center', '+507 965 275 3214', '0001925', '0006214');
insert into CLIENTE (id, nombre_usuario, Contraseña , Nombre, Email, Direccion , Telefono , id_Institucion, id_Ocupacion) values ('0000135', 'rshepperd3q', 'z18ADDFYIpN', 'Rochell Shepperd', 'rshepperd3q@dailymail.co.uk', '2382 Rowland Junction', '+58 943 246 1792', '0001916', '0006213');
insert into CLIENTE (id, nombre_usuario, Contraseña , Nombre, Email, Direccion , Telefono , id_Institucion, id_Ocupacion) values ('0000136', 'mdaborn3r', 'AKFDdpO', 'Milissent Daborn', 'mdaborn3r@fastcompany.com', '739 Gale Hill', '+81 174 388 1526', '0001922', '0006211');
insert into CLIENTE (id, nombre_usuario, Contraseña , Nombre, Email, Direccion , Telefono , id_Institucion, id_Ocupacion) values ('0000137', 'ubraidwood3s', 'QY4W5f8cZ4fW', 'Ulrike Braidwood', 'ubraidwood3s@patch.com', '2 Little Fleur Avenue', '+62 746 556 3254', '0001924', '0006211');
insert into CLIENTE (id, nombre_usuario, Contraseña , Nombre, Email, Direccion , Telefono , id_Institucion, id_Ocupacion) values ('0000138', 'hzebedee3t', 'X1gI0FEol', 'Heddi Zebedee', 'hzebedee3t@apple.com', '1 Glendale Pass', '+502 479 868 0179', '0001918', '0006211');
insert into CLIENTE (id, nombre_usuario, Contraseña , Nombre, Email, Direccion , Telefono , id_Institucion, id_Ocupacion) values ('0000139', 'holiva3u', 'SpUrAHSo', 'Hyacinth Oliva', 'holiva3u@wiley.com', '659 Emmet Park', '+48 559 996 6112', '0001921', '0006212');
insert into CLIENTE (id, nombre_usuario, Contraseña , Nombre, Email, Direccion , Telefono , id_Institucion, id_Ocupacion) values ('0000140', 'jmapston3v', 'tzntxVL', 'Jenni Mapston', 'jmapston3v@cnn.com', '79 Schmedeman Park', '+33 591 908 0213', '0001920', '0006212');
insert into CLIENTE (id, nombre_usuario, Contraseña , Nombre, Email, Direccion , Telefono , id_Institucion, id_Ocupacion) values ('0000141', 'jclynman3w', 'VVWG3q', 'Jerri Clynman', 'jclynman3w@yale.edu', '92683 Ridgeway Drive', '+92 261 766 5372', '0001928', '0006213');
insert into CLIENTE (id, nombre_usuario, Contraseña , Nombre, Email, Direccion , Telefono , id_Institucion, id_Ocupacion) values ('0000142', 'avanin3x', '1b335t2n', 'Anabella Vanin', 'avanin3x@mozilla.com', '8438 Kropf Pass', '+62 818 206 4691', '0001912', '0006214');
insert into CLIENTE (id, nombre_usuario, Contraseña , Nombre, Email, Direccion , Telefono , id_Institucion, id_Ocupacion) values ('0000143', 'lstorrock3y', 'oYsAW5rL', 'Lorant Storrock', 'lstorrock3y@com.com', '592 Grayhawk Court', '+976 524 476 6727', '0001917', '0006212');
insert into CLIENTE (id, nombre_usuario, Contraseña , Nombre, Email, Direccion , Telefono , id_Institucion, id_Ocupacion) values ('0000144', 'alamberteschi3z', 'wrYMCM', 'Aurel Lamberteschi', 'alamberteschi3z@admin.ch', '5 Pond Parkway', '+505 132 796 8062', '0001913', '0006212');
insert into CLIENTE (id, nombre_usuario, Contraseña , Nombre, Email, Direccion , Telefono , id_Institucion, id_Ocupacion) values ('0000145', 'jthunder40', 'HcXzu50NOU', 'Josephina Thunder', 'jthunder40@joomla.org', '6 Colorado Avenue', '+351 880 627 1653', '0001910', '0006211');
insert into CLIENTE (id, nombre_usuario, Contraseña , Nombre, Email, Direccion , Telefono , id_Institucion, id_Ocupacion) values ('0000146', 'aeverley41', 'mGFs0Jm8', 'Alayne Everley', 'aeverley41@google.ru', '08 Sheridan Drive', '+1 120 424 4884', '0001917', '0006213');
insert into CLIENTE (id, nombre_usuario, Contraseña , Nombre, Email, Direccion , Telefono , id_Institucion, id_Ocupacion) values ('0000147', 'tbrugh42', 'MAMYe4p8nU', 'Tate Brugh', 'tbrugh42@diigo.com', '981 Esch Plaza', '+55 388 525 7436', '0001914', '0006214');
insert into CLIENTE (id, nombre_usuario, Contraseña , Nombre, Email, Direccion , Telefono , id_Institucion, id_Ocupacion) values ('0000148', 'mjorge43', 'cd8yyJ', 'Meriel Jorge', 'mjorge43@moonfruit.com', '6 Tomscot Crossing', '+224 416 510 8010', '0001918', '0006212');
insert into CLIENTE (id, nombre_usuario, Contraseña , Nombre, Email, Direccion , Telefono , id_Institucion, id_Ocupacion) values ('0000149', 'tscobbie44', 'zvUTd5', 'Tatiania Scobbie', 'tscobbie44@ftc.gov', '9 Linden Park', '+86 324 510 6875', '0001928', '0006212');
insert into CLIENTE (id, nombre_usuario, Contraseña , Nombre, Email, Direccion , Telefono , id_Institucion, id_Ocupacion) values ('0000150', 'mfugere45', '9AsqFrodCp', 'Myles Fugere', 'mfugere45@jimdo.com', '736 Garrison Crossing', '+1 229 928 6744', '0001927', '0006212');
insert into CLIENTE (id, nombre_usuario, Contraseña , Nombre, Email, Direccion , Telefono , id_Institucion, id_Ocupacion) values ('0000151', 'cmeugens46', 'k6NI6v', 'Cy Meugens', 'cmeugens46@github.io', '6750 Schlimgen Hill', '+7 790 222 0492', '0001912', '0006212');
insert into CLIENTE (id, nombre_usuario, Contraseña , Nombre, Email, Direccion , Telefono , id_Institucion, id_Ocupacion) values ('0000152', 'lgoulborn47', 'YRnTSGJ', 'Levi Goulborn', 'lgoulborn47@toplist.cz', '6 Monica Plaza', '+976 972 827 6208', '0001929', '0006214');
insert into CLIENTE (id, nombre_usuario, Contraseña , Nombre, Email, Direccion , Telefono , id_Institucion, id_Ocupacion) values ('0000153', 'apudney48', 'tsyffU', 'Ahmed Pudney', 'apudney48@ucoz.com', '22 Butternut Way', '+62 979 242 2646', '0001924', '0006213');
insert into CLIENTE (id, nombre_usuario, Contraseña , Nombre, Email, Direccion , Telefono , id_Institucion, id_Ocupacion) values ('0000154', 'mbackhouse49', 'cwHwBnLi6', 'Marchelle Backhouse', 'mbackhouse49@accuweather.com', '31 Veith Park', '+595 843 374 7989', '0001920', '0006213');
insert into CLIENTE (id, nombre_usuario, Contraseña , Nombre, Email, Direccion , Telefono , id_Institucion, id_Ocupacion) values ('0000155', 'tsymmons4a', 'l48egjVLfdHf', 'Tabbitha Symmons', 'tsymmons4a@dailymotion.com', '36 Judy Street', '+62 216 962 6788', '0001912', '0006212');
insert into CLIENTE (id, nombre_usuario, Contraseña , Nombre, Email, Direccion , Telefono , id_Institucion, id_Ocupacion) values ('0000156', 'epoff4b', 'qVh9vv', 'Elli Poff', 'epoff4b@ycombinator.com', '79 New Castle Circle', '+33 333 588 9587', '0001924', '0006213');
insert into CLIENTE (id, nombre_usuario, Contraseña , Nombre, Email, Direccion , Telefono , id_Institucion, id_Ocupacion) values ('0000157', 'aquarless4c', 'STRucl2myHoJ', 'Adrian Quarless', 'aquarless4c@huffingtonpost.com', '122 Jana Park', '+7 323 127 3748', '0001922', '0006212');
insert into CLIENTE (id, nombre_usuario, Contraseña , Nombre, Email, Direccion , Telefono , id_Institucion, id_Ocupacion) values ('0000158', 'dglenny4d', '6vjhXowNmU', 'Dolph Glenny', 'dglenny4d@parallels.com', '62988 Harper Avenue', '+53 203 117 8960', '0001927', '0006213');
insert into CLIENTE (id, nombre_usuario, Contraseña , Nombre, Email, Direccion , Telefono , id_Institucion, id_Ocupacion) values ('0000159', 'edalessio4e', 'LSf4MEj6Z', 'Eydie D''Alessio', 'edalessio4e@ezinearticles.com', '77 Rigney Junction', '+55 973 459 0576', '0001925', '0006214');
insert into CLIENTE (id, nombre_usuario, Contraseña , Nombre, Email, Direccion , Telefono , id_Institucion, id_Ocupacion) values ('0000160', 'clorence4f', 'RsRh8M', 'Corenda Lorence', 'clorence4f@amazon.com', '24 Waxwing Avenue', '+251 888 309 5965', '0001913', '0006214');
insert into CLIENTE (id, nombre_usuario, Contraseña , Nombre, Email, Direccion , Telefono , id_Institucion, id_Ocupacion) values ('0000161', 'ikimbrey4g', 'LzEWTTd4', 'Iolanthe Kimbrey', 'ikimbrey4g@exblog.jp', '36405 Bonner Court', '+86 629 703 5001', '0001921', '0006212');
insert into CLIENTE (id, nombre_usuario, Contraseña , Nombre, Email, Direccion , Telefono , id_Institucion, id_Ocupacion) values ('0000162', 'tthreadgould4h', '0bL0292psIw', 'Trixie Threadgould', 'tthreadgould4h@tripod.com', '53768 4th Avenue', '+1 934 118 9328', '0001914', '0006213');
insert into CLIENTE (id, nombre_usuario, Contraseña , Nombre, Email, Direccion , Telefono , id_Institucion, id_Ocupacion) values ('0000163', 'wbottoner4i', 'ENwLgpR', 'Wittie Bottoner', 'wbottoner4i@fema.gov', '2905 Pond Crossing', '+86 861 179 1936', '0001929', '0006213');
insert into CLIENTE (id, nombre_usuario, Contraseña , Nombre, Email, Direccion , Telefono , id_Institucion, id_Ocupacion) values ('0000164', 'pboss4j', 'TwhWJK', 'Pooh Boss', 'pboss4j@sourceforge.net', '1 Hanson Circle', '+86 795 648 5481', '0001923', '0006214');
insert into CLIENTE (id, nombre_usuario, Contraseña , Nombre, Email, Direccion , Telefono , id_Institucion, id_Ocupacion) values ('0000165', 'osidebotham4k', 'iCVsSPz7S', 'Orelle Sidebotham', 'osidebotham4k@cdc.gov', '4 Chive Point', '+46 697 912 2799', '0001927', '0006211');
insert into CLIENTE (id, nombre_usuario, Contraseña , Nombre, Email, Direccion , Telefono , id_Institucion, id_Ocupacion) values ('0000166', 'ocorde4l', 'DAxwEREj', 'Othilia Corde', 'ocorde4l@omniture.com', '8821 Delaware Avenue', '+86 866 167 5656', '0001912', '0006211');
insert into CLIENTE (id, nombre_usuario, Contraseña , Nombre, Email, Direccion , Telefono , id_Institucion, id_Ocupacion) values ('0000167', 'turen4m', 'a0t4Q61kqn', 'Tiphany Uren', 'turen4m@devhub.com', '254 Oak Valley Avenue', '+86 342 274 4618', '0001910', '0006212');
insert into CLIENTE (id, nombre_usuario, Contraseña , Nombre, Email, Direccion , Telefono , id_Institucion, id_Ocupacion) values ('0000168', 'lde4n', '9cZ1lJfYka', 'Lori De Freitas', 'lde4n@51.la', '0 Summit Parkway', '+86 672 949 6698', '0001911', '0006211');
insert into CLIENTE (id, nombre_usuario, Contraseña , Nombre, Email, Direccion , Telefono , id_Institucion, id_Ocupacion) values ('0000169', 'ohailwood4o', 'Km7c8wC', 'Oliy Hailwood', 'ohailwood4o@miitbeian.gov.cn', '91072 Eliot Point', '+351 317 656 7491', '0001930', '0006214');
insert into CLIENTE (id, nombre_usuario, Contraseña , Nombre, Email, Direccion , Telefono , id_Institucion, id_Ocupacion) values ('0000170', 'mkellen4p', 'BlH2hZ', 'Maximilien Kellen', 'mkellen4p@woothemes.com', '3 Manufacturers Junction', '+46 480 362 0135', '0001923', '0006211');
insert into CLIENTE (id, nombre_usuario, Contraseña , Nombre, Email, Direccion , Telefono , id_Institucion, id_Ocupacion) values ('0000171', 'svallentin4q', '9PA1w1q0K', 'Sharyl Vallentin', 'svallentin4q@nytimes.com', '0 Fairview Court', '+86 926 708 0653', '0001916', '0006214');
insert into CLIENTE (id, nombre_usuario, Contraseña , Nombre, Email, Direccion , Telefono , id_Institucion, id_Ocupacion) values ('0000172', 'ifasson4r', 'WlYAVl7PJX', 'Inglebert Fasson', 'ifasson4r@phpbb.com', '9434 Laurel Parkway', '+82 363 142 5338', '0001921', '0006214');
insert into CLIENTE (id, nombre_usuario, Contraseña , Nombre, Email, Direccion , Telefono , id_Institucion, id_Ocupacion) values ('0000173', 'bmccrudden4s', 'tnpzLc', 'Babs McCrudden', 'bmccrudden4s@seesaa.net', '2609 Summit Pass', '+255 227 258 3647', '0001928', '0006211');
insert into CLIENTE (id, nombre_usuario, Contraseña , Nombre, Email, Direccion , Telefono , id_Institucion, id_Ocupacion) values ('0000174', 'gthurborn4t', '4pPhe1Lg', 'Gordan Thurborn', 'gthurborn4t@networkadvertising.org', '884 Delladonna Court', '+51 208 483 3601', '0001923', '0006212');
insert into CLIENTE (id, nombre_usuario, Contraseña , Nombre, Email, Direccion , Telefono , id_Institucion, id_Ocupacion) values ('0000175', 'tdollar4u', 'QOQNeD', 'Tally Dollar', 'tdollar4u@utexas.edu', '70786 Schmedeman Lane', '+45 123 522 8049', '0001911', '0006213');
insert into CLIENTE (id, nombre_usuario, Contraseña , Nombre, Email, Direccion , Telefono , id_Institucion, id_Ocupacion) values ('0000176', 'mrobertson4v', '9mJWZss7', 'Merell Robertson', 'mrobertson4v@symantec.com', '98515 Logan Court', '+55 986 240 5102', '0001926', '0006212');
insert into CLIENTE (id, nombre_usuario, Contraseña , Nombre, Email, Direccion , Telefono , id_Institucion, id_Ocupacion) values ('0000177', 'ljost4w', 'gFA3x9l', 'Lucian Jost', 'ljost4w@ft.com', '03987 Di Loreto Point', '+86 489 682 1417', '0001923', '0006213');
insert into CLIENTE (id, nombre_usuario, Contraseña , Nombre, Email, Direccion , Telefono , id_Institucion, id_Ocupacion) values ('0000178', 'wforbes4x', 'Le6UXg7z6R', 'Waylin Forbes', 'wforbes4x@tuttocitta.it', '66 Merchant Drive', '+86 276 236 9196', '0001923', '0006211');
insert into CLIENTE (id, nombre_usuario, Contraseña , Nombre, Email, Direccion , Telefono , id_Institucion, id_Ocupacion) values ('0000179', 'grennels4y', 'ifizwyR', 'Gearard Rennels', 'grennels4y@army.mil', '0210 Hansons Junction', '+7 836 208 9365', '0001918', '0006213');
insert into CLIENTE (id, nombre_usuario, Contraseña , Nombre, Email, Direccion , Telefono , id_Institucion, id_Ocupacion) values ('0000180', 'wle4z', '0TfDQthgd5G', 'Willette Le Leu', 'wle4z@typepad.com', '1063 Dryden Plaza', '+30 990 800 9760', '0001930', '0006212');
insert into CLIENTE (id, nombre_usuario, Contraseña , Nombre, Email, Direccion , Telefono , id_Institucion, id_Ocupacion) values ('0000181', 'jbarth50', '7uCBUYt8', 'Juan Barth', 'jbarth50@spotify.com', '953 Northview Way', '+86 469 440 7160', '0001917', '0006214');
insert into CLIENTE (id, nombre_usuario, Contraseña , Nombre, Email, Direccion , Telefono , id_Institucion, id_Ocupacion) values ('0000182', 'dborrell51', 'fITfz9o7m41L', 'Deborah Borrell', 'dborrell51@opensource.org', '2 Golf Course Lane', '+56 676 237 2474', '0001918', '0006211');
insert into CLIENTE (id, nombre_usuario, Contraseña , Nombre, Email, Direccion , Telefono , id_Institucion, id_Ocupacion) values ('0000183', 'msibylla52', '6amHap8R', 'Mei Sibylla', 'msibylla52@google.co.uk', '8 Buell Pass', '+55 690 401 4314', '0001916', '0006213');
insert into CLIENTE (id, nombre_usuario, Contraseña , Nombre, Email, Direccion , Telefono , id_Institucion, id_Ocupacion) values ('0000184', 'ldeyes53', '6bZe1rc', 'Loy Deyes', 'ldeyes53@elpais.com', '51 Nelson Trail', '+242 885 142 3730', '0001928', '0006213');
insert into CLIENTE (id, nombre_usuario, Contraseña , Nombre, Email, Direccion , Telefono , id_Institucion, id_Ocupacion) values ('0000185', 'aberridge54', '42magCz', 'Abdul Berridge', 'aberridge54@fastcompany.com', '6511 Pearson Avenue', '+1 671 392 0382', '0001924', '0006214');
insert into CLIENTE (id, nombre_usuario, Contraseña , Nombre, Email, Direccion , Telefono , id_Institucion, id_Ocupacion) values ('0000186', 'moldridge55', 'twaFJRz9g84P', 'Maryjane Oldridge', 'moldridge55@ca.gov', '45 Golden Leaf Road', '+62 751 868 8986', '0001916', '0006212');
insert into CLIENTE (id, nombre_usuario, Contraseña , Nombre, Email, Direccion , Telefono , id_Institucion, id_Ocupacion) values ('0000187', 'fconew56', 'PWLo6o', 'Ferdie Conew', 'fconew56@redcross.org', '94052 Spenser Place', '+57 119 759 6168', '0001922', '0006211');
insert into CLIENTE (id, nombre_usuario, Contraseña , Nombre, Email, Direccion , Telefono , id_Institucion, id_Ocupacion) values ('0000188', 'jvouls57', '2pzRIeYH', 'Jammal Vouls', 'jvouls57@adobe.com', '933 Elka Alley', '+62 137 360 4135', '0001921', '0006211');
insert into CLIENTE (id, nombre_usuario, Contraseña , Nombre, Email, Direccion , Telefono , id_Institucion, id_Ocupacion) values ('0000189', 'gbrearty58', 'mYIiBD', 'Gardner Brearty', 'gbrearty58@telegraph.co.uk', '2 Buell Way', '+27 772 634 9790', '0001925', '0006213');
insert into CLIENTE (id, nombre_usuario, Contraseña , Nombre, Email, Direccion , Telefono , id_Institucion, id_Ocupacion) values ('0000190', 'aedwinson59', 'LtWTvR4iaC', 'Angeline Edwinson', 'aedwinson59@ted.com', '2846 Garrison Point', '+1 970 614 6958', '0001930', '0006212');
insert into CLIENTE (id, nombre_usuario, Contraseña , Nombre, Email, Direccion , Telefono , id_Institucion, id_Ocupacion) values ('0000191', 'sfilipputti5a', '7wbCUq', 'Sadie Filipputti', 'sfilipputti5a@wufoo.com', '51331 6th Plaza', '+30 703 594 6783', '0001914', '0006214');
insert into CLIENTE (id, nombre_usuario, Contraseña , Nombre, Email, Direccion , Telefono , id_Institucion, id_Ocupacion) values ('0000192', 'mscamadine5b', 'FaIUxx', 'Marcos Scamadine', 'mscamadine5b@ebay.com', '2 Buhler Center', '+46 645 229 0155', '0001910', '0006213');
insert into CLIENTE (id, nombre_usuario, Contraseña , Nombre, Email, Direccion , Telefono , id_Institucion, id_Ocupacion) values ('0000193', 'eszimoni5c', 'whDS4t', 'Elisabet Szimoni', 'eszimoni5c@linkedin.com', '87322 Fuller Crossing', '+504 548 367 0861', '0001925', '0006213');
insert into CLIENTE (id, nombre_usuario, Contraseña , Nombre, Email, Direccion , Telefono , id_Institucion, id_Ocupacion) values ('0000194', 'snisby5d', 'FxuTVVbE4aK', 'Stanwood Nisby', 'snisby5d@bigcartel.com', '11 Quincy Junction', '+62 364 581 3308', '0001911', '0006213');
insert into CLIENTE (id, nombre_usuario, Contraseña , Nombre, Email, Direccion , Telefono , id_Institucion, id_Ocupacion) values ('0000195', 'tblockley5e', 'coSwEi5psnp', 'Tamqrah Blockley', 'tblockley5e@nydailynews.com', '15855 Brown Center', '+46 756 154 8161', '0001923', '0006211');
insert into CLIENTE (id, nombre_usuario, Contraseña , Nombre, Email, Direccion , Telefono , id_Institucion, id_Ocupacion) values ('0000196', 'dwisedale5f', '6mIn55ymUM', 'Deva Wisedale', 'dwisedale5f@ucoz.ru', '84 Carey Center', '+7 392 414 9703', '0001915', '0006212');
insert into CLIENTE (id, nombre_usuario, Contraseña , Nombre, Email, Direccion , Telefono , id_Institucion, id_Ocupacion) values ('0000197', 'bstanes5g', 'd5duRO1jPv', 'Budd Stanes', 'bstanes5g@pen.io', '7 Bartelt Alley', '+93 719 998 1288', '0001919', '0006214');
insert into CLIENTE (id, nombre_usuario, Contraseña , Nombre, Email, Direccion , Telefono , id_Institucion, id_Ocupacion) values ('0000198', 'sgiacomo5h', '4lzcJSDW', 'Sigismund Giacomo', 'sgiacomo5h@sciencedaily.com', '5 Farwell Circle', '+63 646 601 6956', '0001916', '0006214');
insert into CLIENTE (id, nombre_usuario, Contraseña , Nombre, Email, Direccion , Telefono , id_Institucion, id_Ocupacion) values ('0000199', 'rhumbee5i', 'X4aq3uZKO', 'Roselle Humbee', 'rhumbee5i@huffingtonpost.com', '820 Barnett Lane', '+62 715 423 7402', '0001921', '0006213');
insert into CLIENTE (id, nombre_usuario, Contraseña , Nombre, Email, Direccion , Telefono , id_Institucion, id_Ocupacion) values ('0000200', 'rhuelin5j', 'SseVxCi6p', 'Ranee Huelin', 'rhuelin5j@uol.com.br', '16 Northwestern Pass', '+51 242 524 7345', '0001928', '0006214');
insert into CLIENTE (id, nombre_usuario, Contraseña , Nombre, Email, Direccion , Telefono , id_Institucion, id_Ocupacion) values ('0000201', 'eayliff5k', 'aHAJTZe8tG', 'Ethe Ayliff', 'eayliff5k@usatoday.com', '89 Veith Point', '+62 657 713 2422', '0001923', '0006214');
insert into CLIENTE (id, nombre_usuario, Contraseña , Nombre, Email, Direccion , Telefono , id_Institucion, id_Ocupacion) values ('0000202', 'nveck5l', 'rr769tF', 'Nana Veck', 'nveck5l@livejournal.com', '98 Lakewood Gardens Street', '+1 503 652 4401', '0001917', '0006213');
insert into CLIENTE (id, nombre_usuario, Contraseña , Nombre, Email, Direccion , Telefono , id_Institucion, id_Ocupacion) values ('0000203', 'ggresham5m', '9GPInw1sHN', 'Greg Gresham', 'ggresham5m@tiny.cc', '7360 Toban Junction', '+7 872 832 6086', '0001920', '0006212');
insert into CLIENTE (id, nombre_usuario, Contraseña , Nombre, Email, Direccion , Telefono , id_Institucion, id_Ocupacion) values ('0000204', 'aarmin5n', '7l3HFnQOJdCh', 'Allistir Armin', 'aarmin5n@gmpg.org', '25237 Cascade Court', '+51 454 632 4643', '0001911', '0006211');
insert into CLIENTE (id, nombre_usuario, Contraseña , Nombre, Email, Direccion , Telefono , id_Institucion, id_Ocupacion) values ('0000205', 'rsnell5o', 'zZhfuIXN', 'Redd Snell', 'rsnell5o@squarespace.com', '84897 Fordem Drive', '+373 124 461 2259', '0001927', '0006212');
insert into CLIENTE (id, nombre_usuario, Contraseña , Nombre, Email, Direccion , Telefono , id_Institucion, id_Ocupacion) values ('0000206', 'rmanion5p', 'cjjL7NU', 'Rebe Manion', 'rmanion5p@cocolog-nifty.com', '333 Gulseth Street', '+351 682 358 6303', '0001927', '0006214');
insert into CLIENTE (id, nombre_usuario, Contraseña , Nombre, Email, Direccion , Telefono , id_Institucion, id_Ocupacion) values ('0000207', 'lhousbie5q', 'L8AL0zYT', 'Link Housbie', 'lhousbie5q@about.me', '47415 Loomis Road', '+86 812 443 7847', '0001928', '0006211');
insert into CLIENTE (id, nombre_usuario, Contraseña , Nombre, Email, Direccion , Telefono , id_Institucion, id_Ocupacion) values ('0000208', 'gcallender5r', 'wC5TSO', 'Gran Callender', 'gcallender5r@seesaa.net', '28643 Emmet Court', '+385 124 405 1117', '0001910', '0006212');
insert into CLIENTE (id, nombre_usuario, Contraseña , Nombre, Email, Direccion , Telefono , id_Institucion, id_Ocupacion) values ('0000209', 'pjewer5s', '4n3JfPgKTYn', 'Pate Jewer', 'pjewer5s@altervista.org', '63 Straubel Junction', '+1 436 255 9102', '0001917', '0006213');
insert into CLIENTE (id, nombre_usuario, Contraseña , Nombre, Email, Direccion , Telefono , id_Institucion, id_Ocupacion) values ('0000210', 'mcampany5t', 'RuSBtMFON', 'Matthaeus Campany', 'mcampany5t@ftc.gov', '88093 Summit Park', '+233 112 941 9595', '0001924', '0006214');
insert into CLIENTE (id, nombre_usuario, Contraseña , Nombre, Email, Direccion , Telefono , id_Institucion, id_Ocupacion) values ('0000211', 'rgilmartin5u', 'ZQ7mY2HQV', 'Rockey Gilmartin', 'rgilmartin5u@columbia.edu', '3 Eagan Park', '+86 984 706 9714', '0001914', '0006214');
insert into CLIENTE (id, nombre_usuario, Contraseña , Nombre, Email, Direccion , Telefono , id_Institucion, id_Ocupacion) values ('0000212', 'ascrivinor5v', 'alPXXQZvqBRV', 'Abbie Scrivinor', 'ascrivinor5v@ocn.ne.jp', '8083 Porter Trail', '+380 460 758 2168', '0001924', '0006212');
insert into CLIENTE (id, nombre_usuario, Contraseña , Nombre, Email, Direccion , Telefono , id_Institucion, id_Ocupacion) values ('0000213', 'kcapponeer5w', 'iY5KKbdRQ0', 'Kirstyn Capponeer', 'kcapponeer5w@ning.com', '41 Carpenter Pass', '+63 512 828 9969', '0001922', '0006213');
insert into CLIENTE (id, nombre_usuario, Contraseña , Nombre, Email, Direccion , Telefono , id_Institucion, id_Ocupacion) values ('0000214', 'vtyt5x', 'asNRtXWxGUQ', 'Verine Tyt', 'vtyt5x@studiopress.com', '84 Melvin Point', '+63 141 132 3320', '0001918', '0006214');
insert into CLIENTE (id, nombre_usuario, Contraseña , Nombre, Email, Direccion , Telefono , id_Institucion, id_Ocupacion) values ('0000215', 'reite5y', 'iiXyikV', 'Rourke Eite', 'reite5y@github.com', '99419 Talmadge Trail', '+370 568 635 4678', '0001922', '0006212');
insert into CLIENTE (id, nombre_usuario, Contraseña , Nombre, Email, Direccion , Telefono , id_Institucion, id_Ocupacion) values ('0000216', 'bfoulds5z', 'kpVHOkEASn', 'Bride Foulds', 'bfoulds5z@army.mil', '63 Havey Road', '+62 956 991 4994', '0001922', '0006211');
insert into CLIENTE (id, nombre_usuario, Contraseña , Nombre, Email, Direccion , Telefono , id_Institucion, id_Ocupacion) values ('0000217', 'ncastagnasso60', 'sxmuXj58BUOZ', 'Niccolo Castagnasso', 'ncastagnasso60@ucoz.ru', '290 Lerdahl Center', '+92 500 572 3592', '0001924', '0006212');
insert into CLIENTE (id, nombre_usuario, Contraseña , Nombre, Email, Direccion , Telefono , id_Institucion, id_Ocupacion) values ('0000218', 'jstienham61', '1JUWVSUfw', 'Jori Stienham', 'jstienham61@pagesperso-orange.fr', '0 Mariners Cove Point', '+86 425 328 4061', '0001914', '0006212');
insert into CLIENTE (id, nombre_usuario, Contraseña , Nombre, Email, Direccion , Telefono , id_Institucion, id_Ocupacion) values ('0000219', 'kales62', '67z2ows3F', 'Kiersten Ales0', 'kales62@adobe.com', '586 Dottie Park', '+63 508 192 9493', '0001919', '0006214');
insert into CLIENTE (id, nombre_usuario, Contraseña , Nombre, Email, Direccion , Telefono , id_Institucion, id_Ocupacion) values ('0000220', 'mhutchens63', 'Gao6Si6Jps', 'Maisey Hutchens', 'mhutchens63@360.cn', '20365 Forest Lane', '+502 602 497 2892', '0001924', '0006214');
insert into CLIENTE (id, nombre_usuario, Contraseña , Nombre, Email, Direccion , Telefono , id_Institucion, id_Ocupacion) values ('0000221', 'pgirod64', 'MXV5tRisUc', 'Parke Girod', 'pgirod64@weather.com', '764 Garrison Hill', '+86 931 546 5362', '0001926', '0006214');
insert into CLIENTE (id, nombre_usuario, Contraseña , Nombre, Email, Direccion , Telefono , id_Institucion, id_Ocupacion) values ('0000222', 'lhawkswood65', 'NRf2Wa', 'Lezlie Hawkswood', 'lhawkswood65@noaa.gov', '175 Spaight Plaza', '+63 894 626 1724', '0001915', '0006211');
insert into CLIENTE (id, nombre_usuario, Contraseña , Nombre, Email, Direccion , Telefono , id_Institucion, id_Ocupacion) values ('0000223', 'bklimov66', 'v9aK1f8v6PX', 'Bealle Klimov', 'bklimov66@abc.net.au', '250 Chinook Junction', '+62 694 116 4571', '0001919', '0006214');
insert into CLIENTE (id, nombre_usuario, Contraseña , Nombre, Email, Direccion , Telefono , id_Institucion, id_Ocupacion) values ('0000224', 'cagate67', '7BsFwFk0plS', 'Crissie Agate', 'cagate67@nps.gov', '871 Golf View Place', '+7 493 435 8750', '0001923', '0006213');
insert into CLIENTE (id, nombre_usuario, Contraseña , Nombre, Email, Direccion , Telefono , id_Institucion, id_Ocupacion) values ('0000225', 'jflatley68', 'x6ssEWiJAHB', 'Jodi Flatley', 'jflatley68@lulu.com', '001 Sunbrook Road', '+62 307 815 7760', '0001925', '0006214');
insert into CLIENTE (id, nombre_usuario, Contraseña , Nombre, Email, Direccion , Telefono , id_Institucion, id_Ocupacion) values ('0000226', 'mbroun69', 'sivGWQ', 'Marysa Broun', 'mbroun69@bloomberg.com', '90736 Everett Way', '+62 851 593 6025', '0001925', '0006212');
insert into CLIENTE (id, nombre_usuario, Contraseña , Nombre, Email, Direccion , Telefono , id_Institucion, id_Ocupacion) values ('0000227', 'xewbach6a', 'eTf4XytN', 'Ximenez Ewbach', 'xewbach6a@oaic.gov.au', '1984 Merry Way', '+51 203 473 4260', '0001913', '0006214');
insert into CLIENTE (id, nombre_usuario, Contraseña , Nombre, Email, Direccion , Telefono , id_Institucion, id_Ocupacion) values ('0000228', 'kmclagan6b', 'AIT6m6', 'Kippie McLagan', 'kmclagan6b@gnu.org', '94 Hoffman Trail', '+84 136 378 8155', '0001929', '0006212');
insert into CLIENTE (id, nombre_usuario, Contraseña , Nombre, Email, Direccion , Telefono , id_Institucion, id_Ocupacion) values ('0000229', 'tede6c', 's762csX0', 'Tuck Ede', 'tede6c@sina.com.cn', '3256 Reindahl Road', '+81 801 850 4184', '0001926', '0006213');
insert into CLIENTE (id, nombre_usuario, Contraseña , Nombre, Email, Direccion , Telefono , id_Institucion, id_Ocupacion) values ('0000230', 'fnaul6d', 'gYB4UsY3HRt', 'Fulvia Naul', 'fnaul6d@wsj.com', '0 Donald Point', '+62 778 269 3428', '0001922', '0006214');
insert into CLIENTE (id, nombre_usuario, Contraseña , Nombre, Email, Direccion , Telefono , id_Institucion, id_Ocupacion) values ('0000231', 'rnash6e', 'QdmM0MbMQhY', 'Robinette Nash', 'rnash6e@webmd.com', '861 Jay Lane', '+212 726 930 2151', '0001915', '0006214');
insert into CLIENTE (id, nombre_usuario, Contraseña , Nombre, Email, Direccion , Telefono , id_Institucion, id_Ocupacion) values ('0000232', 'csumsion6f', 'xoEYxCEd', 'Camile Sumsion', 'csumsion6f@sciencedaily.com', '6020 Holmberg Circle', '+63 443 109 9942', '0001921', '0006211');
insert into CLIENTE (id, nombre_usuario, Contraseña , Nombre, Email, Direccion , Telefono , id_Institucion, id_Ocupacion) values ('0000233', 'vcovill6g', 'vUhpCXr16d1W', 'Valery Covill', 'vcovill6g@mysql.com', '33 American Ash Alley', '+229 694 471 7006', '0001926', '0006211');
insert into CLIENTE (id, nombre_usuario, Contraseña , Nombre, Email, Direccion , Telefono , id_Institucion, id_Ocupacion) values ('0000234', 'wticehurst6h', '20VXUXdI', 'Wake Ticehurst', 'wticehurst6h@infoseek.co.jp', '2257 Burning Wood Terrace', '+63 379 479 3044', '0001915', '0006213');
insert into CLIENTE (id, nombre_usuario, Contraseña , Nombre, Email, Direccion , Telefono , id_Institucion, id_Ocupacion) values ('0000235', 'ccometto6i', '2AZaebtbPX', 'Caty Cometto', 'ccometto6i@opera.com', '7322 Nova Way', '+47 583 714 9847', '0001925', '0006212');
insert into CLIENTE (id, nombre_usuario, Contraseña , Nombre, Email, Direccion , Telefono , id_Institucion, id_Ocupacion) values ('0000236', 'rohannay6j', 'mINHy3', 'Royall O''Hannay', 'rohannay6j@cbslocal.com', '452 Comanche Road', '+55 377 748 5839', '0001923', '0006212');
insert into CLIENTE (id, nombre_usuario, Contraseña , Nombre, Email, Direccion , Telefono , id_Institucion, id_Ocupacion) values ('0000237', 'idecroix6k', 'zYLJnBOtmAD', 'Issi Decroix', 'idecroix6k@addtoany.com', '969 Jackson Lane', '+7 809 435 4521', '0001912', '0006211');
insert into CLIENTE (id, nombre_usuario, Contraseña , Nombre, Email, Direccion , Telefono , id_Institucion, id_Ocupacion) values ('0000238', 'aneilus6l', '1ZxYGtVdKo5R', 'Ailis Neilus', 'aneilus6l@microsoft.com', '3 Bonner Park', '+86 827 220 9599', '0001920', '0006212');
insert into CLIENTE (id, nombre_usuario, Contraseña , Nombre, Email, Direccion , Telefono , id_Institucion, id_Ocupacion) values ('0000239', 'bmiddlemass6m', 'DLxuVh7Vi', 'Bran Middlemass', 'bmiddlemass6m@tinyurl.com', '5 Crownhardt Road', '+506 264 940 0838', '0001924', '0006213');
insert into CLIENTE (id, nombre_usuario, Contraseña , Nombre, Email, Direccion , Telefono , id_Institucion, id_Ocupacion) values ('0000240', 'sbeckhurst6n', '7bMKsAeVz0', 'Sheela Beckhurst', 'sbeckhurst6n@cyberchimps.com', '2845 Annamark Alley', '+86 668 957 9957', '0001924', '0006214');
insert into CLIENTE (id, nombre_usuario, Contraseña , Nombre, Email, Direccion , Telefono , id_Institucion, id_Ocupacion) values ('0000241', 'mchatters6o', 'YRnDFG', 'Malinda Chatters', 'mchatters6o@wikispaces.com', '91861 Bartillon Trail', '+48 798 505 2930', '0001924', '0006213');
insert into CLIENTE (id, nombre_usuario, Contraseña , Nombre, Email, Direccion , Telefono , id_Institucion, id_Ocupacion) values ('0000242', 'rcarlens6p', 'm7x8myZ6bes3', 'Rhona Carlens', 'rcarlens6p@cargocollective.com', '17136 Shopko Terrace', '+254 491 981 8703', '0001916', '0006211');
insert into CLIENTE (id, nombre_usuario, Contraseña , Nombre, Email, Direccion , Telefono , id_Institucion, id_Ocupacion) values ('0000243', 'ablampey6q', 'RXf6xBjEFns7', 'Andrej Blampey', 'ablampey6q@mit.edu', '21 Transport Center', '+48 360 643 0263', '0001918', '0006213');
insert into CLIENTE (id, nombre_usuario, Contraseña , Nombre, Email, Direccion , Telefono , id_Institucion, id_Ocupacion) values ('0000244', 'jsemark6r', 'TihZp0HRaWx', 'Jeramie Semark', 'jsemark6r@networkadvertising.org', '7381 Dawn Place', '+255 214 864 2284', '0001917', '0006211');
insert into CLIENTE (id, nombre_usuario, Contraseña , Nombre, Email, Direccion , Telefono , id_Institucion, id_Ocupacion) values ('0000245', 'lkoubek6s', 'HipuuLUExK', 'Leeann Koubek', 'lkoubek6s@jalbum.net', '64 Starling Alley', '+1 275 214 0557', '0001913', '0006211');
insert into CLIENTE (id, nombre_usuario, Contraseña , Nombre, Email, Direccion , Telefono , id_Institucion, id_Ocupacion) values ('0000246', 'rmacskeaghan6t', 'QLbur7', 'Randell MacSkeaghan', 'rmacskeaghan6t@nasa.gov', '042 Hanover Road', '+86 618 835 5127', '0001924', '0006212');
insert into CLIENTE (id, nombre_usuario, Contraseña , Nombre, Email, Direccion , Telefono , id_Institucion, id_Ocupacion) values ('0000247', 'bandreu6u', 'XFwiM1iNx', 'Buddie Andreu', 'bandreu6u@wisc.edu', '02893 Kennedy Court', '+86 440 732 8049', '0001910', '0006214');
insert into CLIENTE (id, nombre_usuario, Contraseña , Nombre, Email, Direccion , Telefono , id_Institucion, id_Ocupacion) values ('0000248', 'atidbald6v', 'K5x3r86', 'Anthea Tidbald', 'atidbald6v@fotki.com', '7 Maple Lane', '+263 737 462 5463', '0001926', '0006212');
insert into CLIENTE (id, nombre_usuario, Contraseña , Nombre, Email, Direccion , Telefono , id_Institucion, id_Ocupacion) values ('0000249', 'karling6w', 'sxHTRKqGLt', 'Karlotte Arling', 'karling6w@mit.edu', '468 Bellgrove Alley', '+86 136 984 4066', '0001911', '0006212');
insert into CLIENTE (id, nombre_usuario, Contraseña , Nombre, Email, Direccion , Telefono , id_Institucion, id_Ocupacion) values ('0000250', 'awernham6x', 'gJ4pf8uP', 'Arden Wernham', 'awernham6x@pinterest.com', '65465 Ohio Circle', '+62 660 397 7218', '0001915', '0006214');
insert into CLIENTE (id, nombre_usuario, Contraseña , Nombre, Email, Direccion , Telefono , id_Institucion, id_Ocupacion) values ('0000251', 'abradnock6y', 'u4csqo', 'Agace Bradnock', 'abradnock6y@yale.edu', '3097 Waubesa Parkway', '+86 293 981 6928', '0001925', '0006213');
insert into CLIENTE (id, nombre_usuario, Contraseña , Nombre, Email, Direccion , Telefono , id_Institucion, id_Ocupacion) values ('0000252', 'bhazart6z', 'WVVan5dGc', 'Bridie Hazart', 'bhazart6z@themeforest.net', '00058 Mcbride Place', '+86 181 204 1297', '0001920', '0006211');
insert into CLIENTE (id, nombre_usuario, Contraseña , Nombre, Email, Direccion , Telefono , id_Institucion, id_Ocupacion) values ('0000253', 'rlevet70', 'bXwD62FS4jpW', 'Rudiger Levet', 'rlevet70@prlog.org', '41 Jenna Parkway', '+691 151 714 3016', '0001919', '0006211');
insert into CLIENTE (id, nombre_usuario, Contraseña , Nombre, Email, Direccion , Telefono , id_Institucion, id_Ocupacion) values ('0000254', 'alambole71', 'c471FVlL', 'Aleda Lambole', 'alambole71@domainmarket.com', '5713 Manitowish Park', '+7 184 178 6606', '0001927', '0006212');
insert into CLIENTE (id, nombre_usuario, Contraseña , Nombre, Email, Direccion , Telefono , id_Institucion, id_Ocupacion) values ('0000255', 'lbeggi72', 'QoIDsHEBA', 'Lonny Beggi', 'lbeggi72@indiegogo.com', '274 Sauthoff Road', '+251 481 167 5547', '0001920', '0006213');
insert into CLIENTE (id, nombre_usuario, Contraseña , Nombre, Email, Direccion , Telefono , id_Institucion, id_Ocupacion) values ('0000256', 'pbladge73', 'Mk1KpdsBE2', 'Pooh Bladge', 'pbladge73@unesco.org', '7 Kim Hill', '+7 827 613 1209', '0001914', '0006211');
insert into CLIENTE (id, nombre_usuario, Contraseña , Nombre, Email, Direccion , Telefono , id_Institucion, id_Ocupacion) values ('0000257', 'rbutterly74', 'nFTHXC', 'Reese Butterly', 'rbutterly74@gizmodo.com', '8 Barby Parkway', '+86 919 314 6166', '0001920', '0006212');
insert into CLIENTE (id, nombre_usuario, Contraseña , Nombre, Email, Direccion , Telefono , id_Institucion, id_Ocupacion) values ('0000258', 'hchamperlen75', 'pxnf47YU', 'Holden Champerlen', 'hchamperlen75@cisco.com', '1748 Quincy Trail', '+55 785 180 9343', '0001921', '0006213');
insert into CLIENTE (id, nombre_usuario, Contraseña , Nombre, Email, Direccion , Telefono , id_Institucion, id_Ocupacion) values ('0000259', 'khoodspeth76', 'JvODYS4', 'Karon Hoodspeth', 'khoodspeth76@ucla.edu', '9 Northview Lane', '+44 184 606 0296', '0001915', '0006214');
insert into CLIENTE (id, nombre_usuario, Contraseña , Nombre, Email, Direccion , Telefono , id_Institucion, id_Ocupacion) values ('0000260', 'nredmile77', 'oGhk3S1liDx', 'Nadia Redmile', 'nredmile77@japanpost.jp', '58049 Continental Center', '+62 599 705 9765', '0001913', '0006212');
insert into CLIENTE (id, nombre_usuario, Contraseña , Nombre, Email, Direccion , Telefono , id_Institucion, id_Ocupacion) values ('0000261', 'lmcalister78', 'XkYWhoqK', 'Libby McAlister', 'lmcalister78@amazon.de', '5210 Ludington Avenue', '+381 289 988 8806', '0001918', '0006212');
insert into CLIENTE (id, nombre_usuario, Contraseña , Nombre, Email, Direccion , Telefono , id_Institucion, id_Ocupacion) values ('0000262', 'gskilbeck79', 'lnEzXT2FSz', 'Genevra Skilbeck', 'gskilbeck79@utexas.edu', '025 Dexter Way', '+1 244 328 2555', '0001930', '0006213');
insert into CLIENTE (id, nombre_usuario, Contraseña , Nombre, Email, Direccion , Telefono , id_Institucion, id_Ocupacion) values ('0000263', 'twellan7a', '0MCo0hf', 'Talia Wellan', 'twellan7a@studiopress.com', '51 Rieder Center', '+86 509 513 0168', '0001912', '0006214');
insert into CLIENTE (id, nombre_usuario, Contraseña , Nombre, Email, Direccion , Telefono , id_Institucion, id_Ocupacion) values ('0000264', 'abandiera7b', 'btcQskVyW', 'Amitie Bandiera', 'abandiera7b@reference.com', '4 Dakota Point', '+7 446 323 3446', '0001913', '0006212');
insert into CLIENTE (id, nombre_usuario, Contraseña , Nombre, Email, Direccion , Telefono , id_Institucion, id_Ocupacion) values ('0000265', 'jivanovic7c', 'k5ugQUf', 'Joana Ivanovic', 'jivanovic7c@forbes.com', '0 Bartelt Hill', '+967 814 680 5672', '0001922', '0006213');
insert into CLIENTE (id, nombre_usuario, Contraseña , Nombre, Email, Direccion , Telefono , id_Institucion, id_Ocupacion) values ('0000266', 'agentile7d', 'RwKJ4SQA2', 'Artemas Gentile', 'agentile7d@comcast.net', '6 Larry Circle', '+47 211 290 6337', '0001912', '0006212');
insert into CLIENTE (id, nombre_usuario, Contraseña , Nombre, Email, Direccion , Telefono , id_Institucion, id_Ocupacion) values ('0000267', 'atincombe7e', 'ASE9SdDj0Ls', 'Abbey Tincombe', 'atincombe7e@vkontakte.ru', '99753 Tennessee Pass', '+7 661 772 1314', '0001926', '0006211');
insert into CLIENTE (id, nombre_usuario, Contraseña , Nombre, Email, Direccion , Telefono , id_Institucion, id_Ocupacion) values ('0000268', 'lhabert7f', 'tVM1VfQ', 'Lucie Habert', 'lhabert7f@tuttocitta.it', '9 Sycamore Point', '+62 411 588 7407', '0001929', '0006212');
insert into CLIENTE (id, nombre_usuario, Contraseña , Nombre, Email, Direccion , Telefono , id_Institucion, id_Ocupacion) values ('0000269', 'fgoldsack7g', 'd5tA90Pf6', 'Felicio Goldsack', 'fgoldsack7g@posterous.com', '48087 Main Junction', '+62 168 931 9061', '0001928', '0006211');
insert into CLIENTE (id, nombre_usuario, Contraseña , Nombre, Email, Direccion , Telefono , id_Institucion, id_Ocupacion) values ('0000270', 'etrittam7h', 's50J3RpXHDf8', 'Eustace Trittam', 'etrittam7h@nbcnews.com', '118 Pine View Park', '+86 803 116 2004', '0001927', '0006213');
insert into CLIENTE (id, nombre_usuario, Contraseña , Nombre, Email, Direccion , Telefono , id_Institucion, id_Ocupacion) values ('0000271', 'eclevely7i', 'S0lJZ86DmRVF', 'Ennis Clevely', 'eclevely7i@vinaora.com', '3345 Main Junction', '+7 451 921 6979', '0001921', '0006211');
insert into CLIENTE (id, nombre_usuario, Contraseña , Nombre, Email, Direccion , Telefono , id_Institucion, id_Ocupacion) values ('0000272', 'bbustard7j', '9BVbqU', 'Bogart Bustard', 'bbustard7j@symantec.com', '6049 Red Cloud Plaza', '+7 112 226 8074', '0001928', '0006213');
insert into CLIENTE (id, nombre_usuario, Contraseña , Nombre, Email, Direccion , Telefono , id_Institucion, id_Ocupacion) values ('0000273', 'givimey7k', 'uFqYxADA', 'Gifford Ivimey', 'givimey7k@flavors.me', '0 Chinook Avenue', '+380 635 207 8937', '0001923', '0006211');
insert into CLIENTE (id, nombre_usuario, Contraseña , Nombre, Email, Direccion , Telefono , id_Institucion, id_Ocupacion) values ('0000274', 'fdi7l', '2h4Z4G56Gi', 'Fallon Di Napoli', 'fdi7l@samsung.com', '16518 Colorado Center', '+55 719 406 5760', '0001920', '0006211');
insert into CLIENTE (id, nombre_usuario, Contraseña , Nombre, Email, Direccion , Telefono , id_Institucion, id_Ocupacion) values ('0000275', 'tgass7m', 'yvcchr', 'Thatcher Gass', 'tgass7m@nyu.edu', '531 Forest Run Plaza', '+62 136 195 4603', '0001910', '0006214');
insert into CLIENTE (id, nombre_usuario, Contraseña , Nombre, Email, Direccion , Telefono , id_Institucion, id_Ocupacion) values ('0000276', 'rmaving7n', 'x4QcHT38t', 'Reece Maving', 'rmaving7n@topsy.com', '18030 International Way', '+380 901 529 0005', '0001927', '0006212');
insert into CLIENTE (id, nombre_usuario, Contraseña , Nombre, Email, Direccion , Telefono , id_Institucion, id_Ocupacion) values ('0000277', 'hclapston7o', 'MrhmLTQ', 'Hazlett Clapston', 'hclapston7o@linkedin.com', '61 Orin Center', '+62 165 304 5288', '0001918', '0006214');
insert into CLIENTE (id, nombre_usuario, Contraseña , Nombre, Email, Direccion , Telefono , id_Institucion, id_Ocupacion) values ('0000278', 'lthomasset7p', '9X3tSzFfVro', 'Larina Thomasset', 'lthomasset7p@usa.gov', '0 Katie Terrace', '+81 685 735 5830', '0001925', '0006214');
insert into CLIENTE (id, nombre_usuario, Contraseña , Nombre, Email, Direccion , Telefono , id_Institucion, id_Ocupacion) values ('0000279', 'jlicquorish7q', 'apkHPVqNW2eJ', 'Jane Licquorish', 'jlicquorish7q@ox.ac.uk', '962 Sherman Crossing', '+31 959 290 2427', '0001923', '0006214');
insert into CLIENTE (id, nombre_usuario, Contraseña , Nombre, Email, Direccion , Telefono , id_Institucion, id_Ocupacion) values ('0000280', 'favery7r', 'R8jhBzoFcny', 'Frank Avery', 'favery7r@paginegialle.it', '082 Armistice Lane', '+355 252 237 0885', '0001928', '0006214');
insert into CLIENTE (id, nombre_usuario, Contraseña , Nombre, Email, Direccion , Telefono , id_Institucion, id_Ocupacion) values ('0000281', 'acharleston7s', 'VxSGBIqJa', 'Ailee Charleston', 'acharleston7s@skyrock.com', '341 Clyde Gallagher Circle', '+93 163 449 7066', '0001919', '0006211');
insert into CLIENTE (id, nombre_usuario, Contraseña , Nombre, Email, Direccion , Telefono , id_Institucion, id_Ocupacion) values ('0000282', 'nswatradge7t', 'w77JfxOB4qGv', 'Nicolis Swatradge', 'nswatradge7t@yandex.ru', '520 Portage Circle', '+30 963 811 8230', '0001927', '0006212');
insert into CLIENTE (id, nombre_usuario, Contraseña , Nombre, Email, Direccion , Telefono , id_Institucion, id_Ocupacion) values ('0000283', 'akelinge7u', 'nyR1jEcio', 'Antonino Kelinge', 'akelinge7u@cpanel.net', '15457 Ridge Oak Road', '+55 825 153 1806', '0001912', '0006213');
insert into CLIENTE (id, nombre_usuario, Contraseña , Nombre, Email, Direccion , Telefono , id_Institucion, id_Ocupacion) values ('0000284', 'cdericut7v', 'pgLGy6UW', 'Carree Dericut', 'cdericut7v@google.ca', '80853 Texas Drive', '+55 851 690 0443', '0001914', '0006211');
insert into CLIENTE (id, nombre_usuario, Contraseña , Nombre, Email, Direccion , Telefono , id_Institucion, id_Ocupacion) values ('0000285', 'rsimononsky7w', 'FaSvnSv', 'Ryun Simononsky', 'rsimononsky7w@ask.com', '60857 Garrison Way', '+30 142 289 4504', '0001927', '0006211');
insert into CLIENTE (id, nombre_usuario, Contraseña , Nombre, Email, Direccion , Telefono , id_Institucion, id_Ocupacion) values ('0000286', 'gprecious7x', 'hHP7kv', 'Garfield Precious', 'gprecious7x@jugem.jp', '5782 Westridge Lane', '+86 854 892 1752', '0001913', '0006212');
insert into CLIENTE (id, nombre_usuario, Contraseña , Nombre, Email, Direccion , Telefono , id_Institucion, id_Ocupacion) values ('0000287', 'mmartinello7y', 'a09jIIvklEo', 'Mikkel Martinello', 'mmartinello7y@myspace.com', '7274 Huxley Park', '+55 747 206 8665', '0001929', '0006212');
insert into CLIENTE (id, nombre_usuario, Contraseña , Nombre, Email, Direccion , Telefono , id_Institucion, id_Ocupacion) values ('0000288', 'gheater7z', 'esjxTL', 'Ginger Heater', 'gheater7z@washingtonpost.com', '28 Loftsgordon Alley', '+86 536 810 5388', '0001919', '0006213');
insert into CLIENTE (id, nombre_usuario, Contraseña , Nombre, Email, Direccion , Telefono , id_Institucion, id_Ocupacion) values ('0000289', 'tgeard80', 'dmMVxPg7C', 'Tracy Geard', 'tgeard80@cnet.com', '3024 Barnett Avenue', '+81 909 212 1180', '0001921', '0006213');
insert into CLIENTE (id, nombre_usuario, Contraseña , Nombre, Email, Direccion , Telefono , id_Institucion, id_Ocupacion) values ('0000290', 'cupchurch81', 'dIqJHsSY9', 'Cristi Upchurch', 'cupchurch81@nasa.gov', '7023 North Way', '+81 426 419 0452', '0001911', '0006212');
insert into CLIENTE (id, nombre_usuario, Contraseña , Nombre, Email, Direccion , Telefono , id_Institucion, id_Ocupacion) values ('0000291', 'afoord82', 'lGBHI18Kh2', 'Athene Foord', 'afoord82@ft.com', '58 Corben Drive', '+7 699 492 3193', '0001911', '0006211');
insert into CLIENTE (id, nombre_usuario, Contraseña , Nombre, Email, Direccion , Telefono , id_Institucion, id_Ocupacion) values ('0000292', 'ewhellans83', 'ecvB2MMvY', 'Eldredge Whellans', 'ewhellans83@geocities.jp', '5042 Cordelia Alley', '+54 738 225 6799', '0001930', '0006214');
insert into CLIENTE (id, nombre_usuario, Contraseña , Nombre, Email, Direccion , Telefono , id_Institucion, id_Ocupacion) values ('0000293', 'pcowderay84', 'perFwfa6sM', 'Papagena Cowderay', 'pcowderay84@gov.uk', '07081 Elmside Way', '+63 901 558 0252', '0001929', '0006214');
insert into CLIENTE (id, nombre_usuario, Contraseña , Nombre, Email, Direccion , Telefono , id_Institucion, id_Ocupacion) values ('0000294', 'kgilpillan85', 'OLSkWd', 'Karlee Gilpillan', 'kgilpillan85@ning.com', '510 Duke Pass', '+30 190 211 2853', '0001926', '0006214');
insert into CLIENTE (id, nombre_usuario, Contraseña , Nombre, Email, Direccion , Telefono , id_Institucion, id_Ocupacion) values ('0000295', 'pfuzzard86', 'JfQ9LDS', 'Paolo Fuzzard', 'pfuzzard86@shareasale.com', '41 Algoma Court', '+62 185 340 3410', '0001921', '0006212');
insert into CLIENTE (id, nombre_usuario, Contraseña , Nombre, Email, Direccion , Telefono , id_Institucion, id_Ocupacion) values ('0000296', 'dkleinerman87', '4EnJoTKh', 'Davey Kleinerman', 'dkleinerman87@ibm.com', '3 Oak Valley Lane', '+359 607 375 6655', '0001910', '0006214');
insert into CLIENTE (id, nombre_usuario, Contraseña , Nombre, Email, Direccion , Telefono , id_Institucion, id_Ocupacion) values ('0000297', 'mleavold88', 'ozrHwvJ', 'Mariette Leavold', 'mleavold88@home.pl', '62 Anderson Pass', '+381 237 961 6437', '0001920', '0006213');
insert into CLIENTE (id, nombre_usuario, Contraseña , Nombre, Email, Direccion , Telefono , id_Institucion, id_Ocupacion) values ('0000298', 'bmowett89', 'llnPOhxJa9', 'Beverie Mowett', 'bmowett89@amazon.co.jp', '167 Hoepker Place', '+66 462 769 2629', '0001912', '0006211');
insert into CLIENTE (id, nombre_usuario, Contraseña , Nombre, Email, Direccion , Telefono , id_Institucion, id_Ocupacion) values ('0000299', 'bscaysbrook8a', 'g1F7E9HPD04', 'Blythe Scaysbrook', 'bscaysbrook8a@ftc.gov', '1 Luster Court', '+960 511 466 9317', '0001930', '0006211');
insert into CLIENTE (id, nombre_usuario, Contraseña , Nombre, Email, Direccion , Telefono , id_Institucion, id_Ocupacion) values ('0000300', 'nfurney8b', 'bgTWh6kNrTI', 'Niles Furney', 'nfurney8b@prlog.org', '790 Pleasure Court', '+244 190 326 8690', '0001910', '0006213');

GO
