USE BINAES
GO 
--POBLACION BIBLIOTECA
--insert into IDIOMA (id, idioma) values (1, 'Español');
--insert into IDIOMA (id, idioma) values (2, 'Ingles');
GO
--insert into FORMATO (id, formato) values (1, 'Digital');
--insert into FORMATO (id, formato) values (2, 'Fisico');
GO
--insert into PALABRAS_CLAVE (id,palabra_clave) VALUES (1,'interesante');
GO
--insert into EDITORIAL (id, nombre) values (1, 'Santillana');
--insert into EDITORIAL (id, nombre) values (2, 'Gobierno');
GO
--insert into EJEMPLAR (id,Nombre,fecha_publicacion,id_idioma,id_formato,id_palabra_clave,id_editorial) 
--values (1,'Camasutra',CONVERT (DATE, '08/12/2001',103),2,1,1,1);
GO
--insert into TIPO (id,tipo) values (1,'libro');
GO
--insert into GENERO (id,genero,id_coleccion) values (1,'sexual',1);
GO
--insert into COLECCION (id,nombre_coleccion,id_tipo,id_genero,id_ejemplar) values (1,'donaciones +18',1,1,1);
GO
--insert into MATERIAL_BIBLIOGRAFICO (id,id_coleccion) values (1,1);
GO
--insert into PISO (id,piso) values (1,1);
GO
--insert into AREA (id,nombre,descripcion,id_piso,id_material_bibliografico) values (1,'biblioteca','descripcion',1,1);

insert into PALABRAS_CLAVE (id, palabra_clave) values ('id4916', 'bidireccional');
insert into PALABRAS_CLAVE (id, palabra_clave) values ('id3113', 'estructura');
insert into PALABRAS_CLAVE (id, palabra_clave) values ('id1504', 'coherente');
insert into PALABRAS_CLAVE (id, palabra_clave) values ('id4936', 'Progresivo');
insert into PALABRAS_CLAVE (id, palabra_clave) values ('id4074', 'homogéneo');
insert into PALABRAS_CLAVE (id, palabra_clave) values ('id1178', 'Configurable');
insert into PALABRAS_CLAVE (id, palabra_clave) values ('id3179', 'extranet');
insert into PALABRAS_CLAVE (id, palabra_clave) values ('id3838', 'Llave pública');
insert into PALABRAS_CLAVE (id, palabra_clave) values ('id3135', 'incremental');
insert into PALABRAS_CLAVE (id, palabra_clave) values ('id3350', 'Operatorio');
insert into PALABRAS_CLAVE (id, palabra_clave) values ('id4685', 'valor añadido');
insert into PALABRAS_CLAVE (id, palabra_clave) values ('id2274', 'explícito');
insert into PALABRAS_CLAVE (id, palabra_clave) values ('id3153', 'solución de internet');
insert into PALABRAS_CLAVE (id, palabra_clave) values ('id4417', 'administración cero');
insert into PALABRAS_CLAVE (id, palabra_clave) values ('id3375', 'incremental');
insert into PALABRAS_CLAVE (id, palabra_clave) values ('id4496', '6ta generación');
insert into PALABRAS_CLAVE (id, palabra_clave) values ('id1496', 'basado en las necesidades');
insert into PALABRAS_CLAVE (id, palabra_clave) values ('id1400', 'superestructura');
insert into PALABRAS_CLAVE (id, palabra_clave) values ('id2195', 'matrices');
insert into PALABRAS_CLAVE (id, palabra_clave) values ('id2075', 'estrategia');
insert into PALABRAS_CLAVE (id, palabra_clave) values ('id3787', 'moratoria');
insert into PALABRAS_CLAVE (id, palabra_clave) values ('id3076', 'Extendido');
insert into PALABRAS_CLAVE (id, palabra_clave) values ('id2034', 'híbrido');
insert into PALABRAS_CLAVE (id, palabra_clave) values ('id1799', 'Configurable');
insert into PALABRAS_CLAVE (id, palabra_clave) values ('id1891', 'Progresivo');
insert into PALABRAS_CLAVE (id, palabra_clave) values ('id1863', 'homogéneo');
insert into PALABRAS_CLAVE (id, palabra_clave) values ('id3342', 'Proactivo');
insert into PALABRAS_CLAVE (id, palabra_clave) values ('id1366', 'multicapa');
insert into PALABRAS_CLAVE (id, palabra_clave) values ('id4265', 'direccional');
insert into PALABRAS_CLAVE (id, palabra_clave) values ('id2561', 'orientado al cliente');
insert into PALABRAS_CLAVE (id, palabra_clave) values ('id3943', 'Integrado');
insert into PALABRAS_CLAVE (id, palabra_clave) values ('id1613', 'vanguardia');
insert into PALABRAS_CLAVE (id, palabra_clave) values ('id1482', 'horas');
insert into PALABRAS_CLAVE (id, palabra_clave) values ('id4934', 'explícito');
insert into PALABRAS_CLAVE (id, palabra_clave) values ('id2432', 'Llave pública');
insert into PALABRAS_CLAVE (id, palabra_clave) values ('id4260', 'Extendido');
insert into PALABRAS_CLAVE (id, palabra_clave) values ('id2250', 'local');
insert into PALABRAS_CLAVE (id, palabra_clave) values ('id3591', 'dificación');
insert into PALABRAS_CLAVE (id, palabra_clave) values ('id1920', 'Servidor de cliente');
insert into PALABRAS_CLAVE (id, palabra_clave) values ('id1182', 'Conmutable');
insert into PALABRAS_CLAVE (id, palabra_clave) values ('id3771', 'local');
insert into PALABRAS_CLAVE (id, palabra_clave) values ('id4380', 'Interfaz gráfica');
insert into PALABRAS_CLAVE (id, palabra_clave) values ('id4230', 'administración cero');
insert into PALABRAS_CLAVE (id, palabra_clave) values ('id4029', 'Expandido');
insert into PALABRAS_CLAVE (id, palabra_clave) values ('id3685', 'multimedia');
insert into PALABRAS_CLAVE (id, palabra_clave) values ('id3999', '4ta generación');
insert into PALABRAS_CLAVE (id, palabra_clave) values ('id2852', 'Obligatorio');
insert into PALABRAS_CLAVE (id, palabra_clave) values ('id1841', 'neutral');
insert into PALABRAS_CLAVE (id, palabra_clave) values ('id3637', 'horas');
insert into PALABRAS_CLAVE (id, palabra_clave) values ('id1267', 'administración cero');
insert into PALABRAS_CLAVE (id, palabra_clave) values ('id1852', 'neutral');
insert into PALABRAS_CLAVE (id, palabra_clave) values ('id1156', 'bien modulado');
insert into PALABRAS_CLAVE (id, palabra_clave) values ('id3470', 'Arriba');
insert into PALABRAS_CLAVE (id, palabra_clave) values ('id4556', 'estructura');
insert into PALABRAS_CLAVE (id, palabra_clave) values ('id4387', 'Ergonómico');
insert into PALABRAS_CLAVE (id, palabra_clave) values ('id1544', 'vanguardia');
insert into PALABRAS_CLAVE (id, palabra_clave) values ('id2142', 'multi-estado');
insert into PALABRAS_CLAVE (id, palabra_clave) values ('id1916', 'Arriba');
insert into PALABRAS_CLAVE (id, palabra_clave) values ('id1169', 'reducido');
insert into PALABRAS_CLAVE (id, palabra_clave) values ('id3941', 'sitio web');
insert into PALABRAS_CLAVE (id, palabra_clave) values ('id3817', 'centro');
insert into PALABRAS_CLAVE (id, palabra_clave) values ('id3449', 'Extendido');
insert into PALABRAS_CLAVE (id, palabra_clave) values ('id2953', 'sinergia');
insert into PALABRAS_CLAVE (id, palabra_clave) values ('id2203', 'dificación');
insert into PALABRAS_CLAVE (id, palabra_clave) values ('id3019', '4ta generación');
insert into PALABRAS_CLAVE (id, palabra_clave) values ('id1442', 'híbrido');
insert into PALABRAS_CLAVE (id, palabra_clave) values ('id4708', 'estructura');
insert into PALABRAS_CLAVE (id, palabra_clave) values ('id1529', 'grupo de trabajo');
insert into PALABRAS_CLAVE (id, palabra_clave) values ('id2965', 'Proactivo');
insert into PALABRAS_CLAVE (id, palabra_clave) values ('id4717', 'moratoria');
insert into PALABRAS_CLAVE (id, palabra_clave) values ('id2393', 'conglomeración');
insert into PALABRAS_CLAVE (id, palabra_clave) values ('id4850', 'estrategia');
insert into PALABRAS_CLAVE (id, palabra_clave) values ('id2729', 'metodología');
insert into PALABRAS_CLAVE (id, palabra_clave) values ('id1596', 'valor añadido');
insert into PALABRAS_CLAVE (id, palabra_clave) values ('id1776', '4ta generación');
insert into PALABRAS_CLAVE (id, palabra_clave) values ('id3926', 'la mejora de procesos');
insert into PALABRAS_CLAVE (id, palabra_clave) values ('id2906', 'productividad');
insert into PALABRAS_CLAVE (id, palabra_clave) values ('id2441', 'Multilateral');
insert into PALABRAS_CLAVE (id, palabra_clave) values ('id4803', 'Interfaz gráfica');
insert into PALABRAS_CLAVE (id, palabra_clave) values ('id1503', '24 horas');
insert into PALABRAS_CLAVE (id, palabra_clave) values ('id4485', 'Opcional');
insert into PALABRAS_CLAVE (id, palabra_clave) values ('id2280', 'la mejora de procesos');
insert into PALABRAS_CLAVE (id, palabra_clave) values ('id1656', 'Conmutable');
insert into PALABRAS_CLAVE (id, palabra_clave) values ('id4628', 'red neuronal');
insert into PALABRAS_CLAVE (id, palabra_clave) values ('id3361', 'Ergonómico');
insert into PALABRAS_CLAVE (id, palabra_clave) values ('id1657', 'metodología');
insert into PALABRAS_CLAVE (id, palabra_clave) values ('id1351', 'basado en las necesidades');
insert into PALABRAS_CLAVE (id, palabra_clave) values ('id2326', 'Multilateral');
insert into PALABRAS_CLAVE (id, palabra_clave) values ('id2882', 'Operatorio');
insert into PALABRAS_CLAVE (id, palabra_clave) values ('id1970', 'Progresivo');
insert into PALABRAS_CLAVE (id, palabra_clave) values ('id1410', 'Mejorado');
insert into PALABRAS_CLAVE (id, palabra_clave) values ('id4699', 'Interfaz gráfica');
insert into PALABRAS_CLAVE (id, palabra_clave) values ('id3475', 'centro');
insert into PALABRAS_CLAVE (id, palabra_clave) values ('id2957', 'basado en las necesidades');
insert into PALABRAS_CLAVE (id, palabra_clave) values ('id3824', 'Obligatorio');
insert into PALABRAS_CLAVE (id, palabra_clave) values ('id1941', 'Operatorio');
insert into PALABRAS_CLAVE (id, palabra_clave) values ('id4755', 'modelo');
insert into PALABRAS_CLAVE (id, palabra_clave) values ('id1493', 'lealtad del cliente');

GO
insert into EDITORIAL (id, nombre) values ('id3372', 'ESE EDICIONES');
insert into EDITORIAL (id, nombre) values ('id3390', 'Editorial Santillana');
insert into EDITORIAL (id, nombre) values ('id4516', 'EDITORIAL EDISAL S.A DE C.V');
insert into EDITORIAL (id, nombre) values ('id1254', 'Editoriales Lis');
insert into EDITORIAL (id, nombre) values ('id3371', 'Editorial Jurídica Salvadoreña');
insert into EDITORIAL (id, nombre) values ('id2465', 'Editorial Nuevo Mundo');
insert into EDITORIAL (id, nombre) values ('id1740', 'Librería Berea Internacional El Salvador');
insert into EDITORIAL (id, nombre) values ('id1020', 'Editorial Equipo Rama S.A. de C.V.');
insert into EDITORIAL (id, nombre) values ('id2586', 'La Ceiba library');
insert into EDITORIAL (id, nombre) values ('id1654', 'LIBRERIA CLASICOS ROXSIL');
insert into EDITORIAL (id, nombre) values ('id3311', 'Editorial Pensar');
insert into EDITORIAL (id, nombre) values ('id2713', 'Editorial Ocean Sur');
insert into EDITORIAL (id, nombre) values ('id1818', 'Colección Monte Sinaí S.A. de C.V.');
insert into EDITORIAL (id, nombre) values ('id2624', 'Distribuidora de Textos Escolares');
insert into EDITORIAL (id, nombre) values ('id4762', 'S.A. de C.V.');
insert into EDITORIAL (id, nombre) values ('id3387', 'Imprenta Angel Editores');
insert into EDITORIAL (id, nombre) values ('id3493', 'Editorial Lo Nuestro');
insert into EDITORIAL (id, nombre) values ('id4756', 'ESE EDICIONES');
GO
insert into AUTOR (id, nombre) values ('00219100', 'Belita McDougal');
insert into AUTOR (id, nombre) values ('00219101', 'Antone Ughetti');
insert into AUTOR (id, nombre) values ('00219102', 'Aloysius Mirfin');
insert into AUTOR (id, nombre) values ('00219103', 'Boniface Thurby');
insert into AUTOR (id, nombre) values ('00219104', 'Evy Skaife');
insert into AUTOR (id, nombre) values ('00219105', 'Theodor Rickesies');
insert into AUTOR (id, nombre) values ('00219106', 'Whitby Besse');
insert into AUTOR (id, nombre) values ('00219107', 'Meara Danilishin');
insert into AUTOR (id, nombre) values ('00219108', 'Brice Dubbin');
insert into AUTOR (id, nombre) values ('00219109', 'Rosella Girardetti');
insert into AUTOR (id, nombre) values ('00219110', 'Cassandra Bulloch');
insert into AUTOR (id, nombre) values ('00219111', 'Abey Stummeyer');
insert into AUTOR (id, nombre) values ('00219112', 'Lanie O'' Cloney');
insert into AUTOR (id, nombre) values ('00219113', 'Gideon Rosas');
insert into AUTOR (id, nombre) values ('00219114', 'Sheelah Speachley');
insert into AUTOR (id, nombre) values ('00219115', 'Judye Hoy');
insert into AUTOR (id, nombre) values ('00219116', 'Giorgi Heardman');
insert into AUTOR (id, nombre) values ('00219117', 'Bear Soppit');
insert into AUTOR (id, nombre) values ('00219118', 'Stu Dreher');
insert into AUTOR (id, nombre) values ('00219119', 'Gaelan Rackam');
insert into AUTOR (id, nombre) values ('00219120', 'Merridie Ballam');
insert into AUTOR (id, nombre) values ('00219121', 'Boniface Tweedlie');
insert into AUTOR (id, nombre) values ('00219122', 'Maryann Avon');
insert into AUTOR (id, nombre) values ('00219123', 'Zonnya Magrane');
insert into AUTOR (id, nombre) values ('00219124', 'Nerti MacAlaster');
insert into AUTOR (id, nombre) values ('00219125', 'Muriel Dumphries');
insert into AUTOR (id, nombre) values ('00219126', 'Tiffanie Grimsdell');
insert into AUTOR (id, nombre) values ('00219127', 'Brewster Spelsbury');
insert into AUTOR (id, nombre) values ('00219128', 'Fanny Cureton');
insert into AUTOR (id, nombre) values ('00219129', 'Bethena Coppenhall');
insert into AUTOR (id, nombre) values ('00219130', 'Susi Filer');
insert into AUTOR (id, nombre) values ('00219131', 'Brinna Lewington');
insert into AUTOR (id, nombre) values ('00219132', 'Larissa Linnard');
insert into AUTOR (id, nombre) values ('00219133', 'Brit Hebden');
insert into AUTOR (id, nombre) values ('00219134', 'Laure Cardenas');
insert into AUTOR (id, nombre) values ('00219135', 'Townie Lording');
insert into AUTOR (id, nombre) values ('00219136', 'Dinnie Turbitt');
insert into AUTOR (id, nombre) values ('00219137', 'Merv Somers');
insert into AUTOR (id, nombre) values ('00219138', 'Ash Kibbey');
insert into AUTOR (id, nombre) values ('00219139', 'Nadine Leiden');
insert into AUTOR (id, nombre) values ('00219140', 'Margy English');
insert into AUTOR (id, nombre) values ('00219141', 'Isabelita Bontoft');
insert into AUTOR (id, nombre) values ('00219142', 'Callida Pauling');
insert into AUTOR (id, nombre) values ('00219143', 'Brandais Garrett');
insert into AUTOR (id, nombre) values ('00219144', 'Fonzie Ramm');
insert into AUTOR (id, nombre) values ('00219145', 'Emmye Meace');
insert into AUTOR (id, nombre) values ('00219146', 'Rice Aleksashin');
insert into AUTOR (id, nombre) values ('00219147', 'Ronnica Coster');
insert into AUTOR (id, nombre) values ('00219148', 'Adah Verrier');
insert into AUTOR (id, nombre) values ('00219149', 'Truda Morando');
insert into AUTOR (id, nombre) values ('00219150', 'Octavia Hookes');
insert into AUTOR (id, nombre) values ('00219151', 'Marlo Cumberpatch');
insert into AUTOR (id, nombre) values ('00219152', 'Vickie Mellmer');
insert into AUTOR (id, nombre) values ('00219153', 'Nell Peetermann');
insert into AUTOR (id, nombre) values ('00219154', 'Jae Zoane');
insert into AUTOR (id, nombre) values ('00219155', 'Stace Dudley');
insert into AUTOR (id, nombre) values ('00219156', 'Rosaline Markwell');
insert into AUTOR (id, nombre) values ('00219157', 'Arte Steggles');
insert into AUTOR (id, nombre) values ('00219158', 'Yoshi Greedy');
insert into AUTOR (id, nombre) values ('00219159', 'Dwain Rushford');
insert into AUTOR (id, nombre) values ('00219160', 'Jabez Scoone');
insert into AUTOR (id, nombre) values ('00219161', 'Upton Nissle');
insert into AUTOR (id, nombre) values ('00219162', 'Enrico Priscott');
insert into AUTOR (id, nombre) values ('00219163', 'Bruce Bordis');
insert into AUTOR (id, nombre) values ('00219164', 'Keane Purvess');
insert into AUTOR (id, nombre) values ('00219165', 'Helli Linford');
insert into AUTOR (id, nombre) values ('00219166', 'Cathlene Leahair');
insert into AUTOR (id, nombre) values ('00219167', 'Meyer Roadknight');
insert into AUTOR (id, nombre) values ('00219168', 'Terry Pouton');
insert into AUTOR (id, nombre) values ('00219169', 'Isabeau Danilchev');
insert into AUTOR (id, nombre) values ('00219170', 'Tracie Broadley');
insert into AUTOR (id, nombre) values ('00219171', 'Quinton Hecks');
insert into AUTOR (id, nombre) values ('00219172', 'Bradley Henner');
insert into AUTOR (id, nombre) values ('00219173', 'Marley Swynley');
insert into AUTOR (id, nombre) values ('00219174', 'Polly Laville');
insert into AUTOR (id, nombre) values ('00219175', 'Faye Stathers');
insert into AUTOR (id, nombre) values ('00219176', 'Josee Janodet');
insert into AUTOR (id, nombre) values ('00219177', 'Wynne Pinnijar');
insert into AUTOR (id, nombre) values ('00219178', 'Mellisent Sealy');
insert into AUTOR (id, nombre) values ('00219179', 'Alberto Rembrant');
insert into AUTOR (id, nombre) values ('00219180', 'Corene Owers');
insert into AUTOR (id, nombre) values ('00219181', 'Andee Turrell');
insert into AUTOR (id, nombre) values ('00219182', 'Ted Lindeberg');
insert into AUTOR (id, nombre) values ('00219183', 'Michel Pulhoster');
insert into AUTOR (id, nombre) values ('00219184', 'Maggy Tomaschke');
insert into AUTOR (id, nombre) values ('00219185', 'Nananne Leyton');
insert into AUTOR (id, nombre) values ('00219186', 'Jameson Franzonetti');
insert into AUTOR (id, nombre) values ('00219187', 'Sharline Scheffler');
insert into AUTOR (id, nombre) values ('00219188', 'Shea Jorry');
insert into AUTOR (id, nombre) values ('00219189', 'Betteann Achurch');
insert into AUTOR (id, nombre) values ('00219190', 'Zebadiah Purchon');
insert into AUTOR (id, nombre) values ('00219191', 'Odelle Rubinchik');
insert into AUTOR (id, nombre) values ('00219192', 'Rafi Fawthrop');
insert into AUTOR (id, nombre) values ('00219193', 'Georgeta Vanyarkin');
insert into AUTOR (id, nombre) values ('00219194', 'Georgie Drust');
insert into AUTOR (id, nombre) values ('00219195', 'Delainey Ratt');
insert into AUTOR (id, nombre) values ('00219196', 'Hans Creasy');
insert into AUTOR (id, nombre) values ('00219197', 'Sibbie Fladgate');
insert into AUTOR (id, nombre) values ('00219198', 'Jo Camerati');
insert into AUTOR (id, nombre) values ('00219199', 'Wye Curnnok');
insert into AUTOR (id, nombre) values ('00219200', 'Adrianne Bellas');
GO

insert into ETIQUETA (id, etiqueta) values ('000011', 'ISNB');
insert into ETIQUETA (id, etiqueta) values ('000012', 'ISSN');
insert into ETIQUETA (id, etiqueta) values ('000013', 'DOI');
--ADMINISTRADOR
GO
insert into ADMINISTRADOR (Id, Nombre, Contraseña) values (1, 'Richard', 'X3sq8SAqaT');
insert into ADMINISTRADOR (Id, Nombre, Contraseña) values (2, 'Robles', 'oRIGXF1R');
insert into ADMINISTRADOR (Id, Nombre, Contraseña) values (3, 'Alejo', 'SHwQOct7');
insert into ADMINISTRADOR (Id, Nombre, Contraseña) values (4, 'Tony', 'qSLXjEX2e');
GO
insert into INSTITUCION (id, Nombre) values ('0001910', 'Trilia');
insert into INSTITUCION (id, Nombre) values ('0001911', 'Yambee');
insert into INSTITUCION (id, Nombre) values ('0001912', 'Skyvu');
insert into INSTITUCION (id, Nombre) values ('0001913', 'Yodo');
insert into INSTITUCION (id, Nombre) values ('0001914', 'Dabtype');
insert into INSTITUCION (id, Nombre) values ('0001915', 'Gabtype');
insert into INSTITUCION (id, Nombre) values ('0001916', 'Trilia');
insert into INSTITUCION (id, Nombre) values ('0001917', 'Skibox');
insert into INSTITUCION (id, Nombre) values ('0001918', 'Twinte');
insert into INSTITUCION (id, Nombre) values ('0001919', 'Twitterlist');
insert into INSTITUCION (id, Nombre) values ('0001920', 'Yoveo');
insert into INSTITUCION (id, Nombre) values ('0001921', 'Twitterbeat');
insert into INSTITUCION (id, Nombre) values ('0001922', 'Brainbox');
insert into INSTITUCION (id, Nombre) values ('0001923', 'Youtags');
insert into INSTITUCION (id, Nombre) values ('0001924', 'Quatz');
insert into INSTITUCION (id, Nombre) values ('0001925', 'Jabberbean');
insert into INSTITUCION (id, Nombre) values ('0001926', 'Bubbletube');
insert into INSTITUCION (id, Nombre) values ('0001927', 'Mycat');
insert into INSTITUCION (id, Nombre) values ('0001928', 'Myworks');
insert into INSTITUCION (id, Nombre) values ('0001929', 'Eabox');
insert into INSTITUCION (id, Nombre) values ('0001930', 'Yacero');
GO
insert into OCUPACION (id, Nombre) values ('0006211', 'Estudiante');
insert into OCUPACION (id, Nombre) values ('0006212', 'Professor');
insert into OCUPACION (id, Nombre) values ('0006213', 'Particular');
insert into OCUPACION (id, Nombre) values ('0006214', 'Foraneo');

--USUARIOS 
GO
insert into CLIENTE (id, nombre_usuario, Contraseña , Nombre, Email, Direccion , Telefono , id_Institucion, id_Ocupacion) values ('0000100', 'kmarde2r', 'Sqkp27Hw0xQv', 'Kimmie Marde', 'kmarde2r@delicious.com', '0713 Trailsway Avenue', '+86 388 625 9119', '0001921', '0006214');
insert into CLIENTE (id, nombre_usuario, Contraseña , Nombre, Email, Direccion , Telefono , id_Institucion, id_Ocupacion) values ('0000101', 'sbardsley2s', '7OV0o0TIrnDn', 'Saidee Bardsley', 'sbardsley2s@stanford.edu', '61 Independence Drive', '+256 270 667 3332', '0001911', '0006214');
insert into CLIENTE (id, nombre_usuario, Contraseña , Nombre, Email, Direccion , Telefono , id_Institucion, id_Ocupacion) values ('0000102', 'mgolthorpp2t', 'izKQapah3', 'Myrta Golthorpp', 'mgolthorpp2t@ifeng.com', '882 Pierstorff Trail', '+86 951 586 3320', '0001914', '0006212');
insert into CLIENTE (id, nombre_usuario, Contraseña , Nombre, Email, Direccion , Telefono , id_Institucion, id_Ocupacion) values ('0000103', 'chardison2u', 'BSIzVk', 'Carlynn Hardison', 'chardison2u@dmoz.org', '81406 Westerfield Junction', '+970 288 469 6320', '0001914', '0006213');
insert into CLIENTE (id, nombre_usuario, Contraseña , Nombre, Email, Direccion , Telefono , id_Institucion, id_Ocupacion) values ('0000104', 'hagge2v', 'mN1htVodZ', 'Hirsch Agge', 'hagge2v@bandcamp.com', '81297 Shelley Center', '+55 126 105 4297', '0001930', '0006212');
insert into CLIENTE (id, nombre_usuario, Contraseña , Nombre, Email, Direccion , Telefono , id_Institucion, id_Ocupacion) values ('0000105', 'sroseburgh2w', 'w44lhF3c', 'Susana Roseburgh', 'sroseburgh2w@wp.com', '9 Red Cloud Pass', '+84 585 421 3342', '0001927', '0006212');
insert into CLIENTE (id, nombre_usuario, Contraseña , Nombre, Email, Direccion , Telefono , id_Institucion, id_Ocupacion) values ('0000106', 'pwark2x', 'tjhI9VCLyj', 'Prentiss Wark', 'pwark2x@jigsy.com', '817 Birchwood Terrace', '+66 966 876 0556', '0001914', '0006212');
insert into CLIENTE (id, nombre_usuario, Contraseña , Nombre, Email, Direccion , Telefono , id_Institucion, id_Ocupacion) values ('0000107', 'ehannah2y', 'RWkDhYQl', 'Emiline Hannah', 'ehannah2y@bbb.org', '55 Forest Run Circle', '+55 696 706 4576', '0001915', '0006211');
insert into CLIENTE (id, nombre_usuario, Contraseña , Nombre, Email, Direccion , Telefono , id_Institucion, id_Ocupacion) values ('0000108', 'brouzet2z', '9BdQ7sHfeP', 'Bobbe Rouzet', 'brouzet2z@google.cn', '0048 Tennessee Crossing', '+375 547 696 2948', '0001913', '0006213');
insert into CLIENTE (id, nombre_usuario, Contraseña , Nombre, Email, Direccion , Telefono , id_Institucion, id_Ocupacion) values ('0000109', 'boddboy30', 'jDWmjo', 'Berthe Oddboy', 'boddboy30@shinystat.com', '409 Farmco Parkway', '+62 673 251 9213', '0001916', '0006212');
insert into CLIENTE (id, nombre_usuario, Contraseña , Nombre, Email, Direccion , Telefono , id_Institucion, id_Ocupacion) values ('0000110', 'dhargerie31', 'FiNVqVS7Fz', 'Dorelle Hargerie', 'dhargerie31@patch.com', '5997 Messerschmidt Avenue', '+31 734 169 2226', '0001924', '0006212');
insert into CLIENTE (id, nombre_usuario, Contraseña , Nombre, Email, Direccion , Telefono , id_Institucion, id_Ocupacion) values ('0000111', 'nbusfield32', '9SMyRKObDt3i', 'Noel Busfield', 'nbusfield32@a8.net', '27185 Di Loreto Trail', '+64 491 628 5046', '0001923', '0006211');
insert into CLIENTE (id, nombre_usuario, Contraseña , Nombre, Email, Direccion , Telefono , id_Institucion, id_Ocupacion) values ('0000112', 'jgrange33', 'JxVbfdwt', 'Jodie Grange', 'jgrange33@shutterfly.com', '297 Pierstorff Junction', '+52 156 766 0402', '0001930', '0006214');
insert into CLIENTE (id, nombre_usuario, Contraseña , Nombre, Email, Direccion , Telefono , id_Institucion, id_Ocupacion) values ('0000113', 'bbortolotti34', 'F8HSfjzmS', 'Bank Bortolotti', 'bbortolotti34@deliciousdays.com', '5281 Summerview Point', '+86 634 848 8476', '0001915', '0006211');
insert into CLIENTE (id, nombre_usuario, Contraseña , Nombre, Email, Direccion , Telefono , id_Institucion, id_Ocupacion) values ('0000114', 'dsergeant35', 'lyFCYrz3', 'Daryl Sergeant', 'dsergeant35@gmpg.org', '046 Talisman Pass', '+48 203 197 1672', '0001927', '0006213');
insert into CLIENTE (id, nombre_usuario, Contraseña , Nombre, Email, Direccion , Telefono , id_Institucion, id_Ocupacion) values ('0000115', 'jpuffett36', 'oSQMfv', 'Jarid Puffett', 'jpuffett36@engadget.com', '00 Corry Pass', '+358 135 653 9387', '0001914', '0006211');
insert into CLIENTE (id, nombre_usuario, Contraseña , Nombre, Email, Direccion , Telefono , id_Institucion, id_Ocupacion) values ('0000116', 'grubenovic37', 'rbGX1LRT', 'Giselle Rubenovic', 'grubenovic37@blog.com', '4600 Comanche Lane', '+351 210 707 6712', '0001924', '0006214');
insert into CLIENTE (id, nombre_usuario, Contraseña , Nombre, Email, Direccion , Telefono , id_Institucion, id_Ocupacion) values ('0000117', 'afolley38', '3mwWSZjB', 'Arliene Folley', 'afolley38@ucsd.edu', '29755 Trailsway Way', '+63 846 917 3885', '0001924', '0006211');
insert into CLIENTE (id, nombre_usuario, Contraseña , Nombre, Email, Direccion , Telefono , id_Institucion, id_Ocupacion) values ('0000118', 'eendacott39', 'st1B9Ff', 'Eolande Endacott', 'eendacott39@dyndns.org', '94 Maryland Junction', '+62 499 934 2367', '0001927', '0006211');
insert into CLIENTE (id, nombre_usuario, Contraseña , Nombre, Email, Direccion , Telefono , id_Institucion, id_Ocupacion) values ('0000119', 'csunner3a', 'OEyx1TEm', 'Charmian Sunner', 'csunner3a@cornell.edu', '0136 7th Lane', '+46 441 152 7085', '0001927', '0006212');
insert into CLIENTE (id, nombre_usuario, Contraseña , Nombre, Email, Direccion , Telefono , id_Institucion, id_Ocupacion) values ('0000120', 'dcasaccia3b', 'GFpCuRpRx4P', 'Doy Casaccia', 'dcasaccia3b@mayoclinic.com', '9769 Hansons Lane', '+226 335 321 9796', '0001929', '0006213');
insert into CLIENTE (id, nombre_usuario, Contraseña , Nombre, Email, Direccion , Telefono , id_Institucion, id_Ocupacion) values ('0000121', 'opetto3c', 'xNHLjoY', 'Owen Petto', 'opetto3c@yahoo.co.jp', '29 Elgar Terrace', '+48 721 605 3388', '0001910', '0006211');
insert into CLIENTE (id, nombre_usuario, Contraseña , Nombre, Email, Direccion , Telefono , id_Institucion, id_Ocupacion) values ('0000122', 'rwhimper3d', 'nFh9ZQ1z', 'Riva Whimper', 'rwhimper3d@forbes.com', '8094 Glendale Place', '+963 991 843 9049', '0001924', '0006213');
insert into CLIENTE (id, nombre_usuario, Contraseña , Nombre, Email, Direccion , Telefono , id_Institucion, id_Ocupacion) values ('0000123', 'rferguson3e', 'lnDBalO', 'Redford Ferguson', 'rferguson3e@cnet.com', '90 Merry Center', '+358 384 824 0923', '0001929', '0006211');
insert into CLIENTE (id, nombre_usuario, Contraseña , Nombre, Email, Direccion , Telefono , id_Institucion, id_Ocupacion) values ('0000124', 'msetchell3f', 'SpxUBh97', 'Mureil Setchell', 'msetchell3f@addtoany.com', '43534 David Trail', '+389 833 381 3875', '0001916', '0006213');
insert into CLIENTE (id, nombre_usuario, Contraseña , Nombre, Email, Direccion , Telefono , id_Institucion, id_Ocupacion) values ('0000125', 'fmarvel3g', '893qidUCm3', 'Flin Marvel', 'fmarvel3g@ted.com', '8 Wayridge Hill', '+86 804 182 7476', '0001926', '0006211');
insert into CLIENTE (id, nombre_usuario, Contraseña , Nombre, Email, Direccion , Telefono , id_Institucion, id_Ocupacion) values ('0000126', 'bsmallridge3h', 'szUnxzl', 'Bary Smallridge', 'bsmallridge3h@deliciousdays.com', '5013 Charing Cross Street', '+86 430 456 0153', '0001922', '0006211');
insert into CLIENTE (id, nombre_usuario, Contraseña , Nombre, Email, Direccion , Telefono , id_Institucion, id_Ocupacion) values ('0000127', 'anegus3i', 'alyr8SPkZ', 'Anne-corinne Negus', 'anegus3i@taobao.com', '74 Blackbird Junction', '+86 520 149 7571', '0001912', '0006213');
insert into CLIENTE (id, nombre_usuario, Contraseña , Nombre, Email, Direccion , Telefono , id_Institucion, id_Ocupacion) values ('0000128', 'hroskelley3j', 'IAlVCzKO', 'Happy Roskelley', 'hroskelley3j@1und1.de', '562 Sunnyside Center', '+7 265 558 8209', '0001929', '0006211');
insert into CLIENTE (id, nombre_usuario, Contraseña , Nombre, Email, Direccion , Telefono , id_Institucion, id_Ocupacion) values ('0000129', 'cgitsham3k', '4tgbpYcpkj1', 'Cristiano Gitsham', 'cgitsham3k@example.com', '29 Hudson Hill', '+7 373 988 3953', '0001913', '0006213');
insert into CLIENTE (id, nombre_usuario, Contraseña , Nombre, Email, Direccion , Telefono , id_Institucion, id_Ocupacion) values ('0000130', 'tcoverley3l', 'vBHVZN9', 'Timmi Coverley', 'tcoverley3l@java.com', '36 Mcbride Alley', '+62 542 143 3630', '0001911', '0006214');
insert into CLIENTE (id, nombre_usuario, Contraseña , Nombre, Email, Direccion , Telefono , id_Institucion, id_Ocupacion) values ('0000131', 'aradford3m', 'j5xaeWs7', 'Albertina Radford', 'aradford3m@mapquest.com', '9598 Cherokee Place', '+1 917 946 1200', '0001910', '0006213');
insert into CLIENTE (id, nombre_usuario, Contraseña , Nombre, Email, Direccion , Telefono , id_Institucion, id_Ocupacion) values ('0000132', 'jkernoghan3n', 'RjR6yi8Le', 'Janis Kernoghan', 'jkernoghan3n@technorati.com', '8 Stoughton Lane', '+55 298 672 5811', '0001917', '0006213');
insert into CLIENTE (id, nombre_usuario, Contraseña , Nombre, Email, Direccion , Telefono , id_Institucion, id_Ocupacion) values ('0000133', 'csaundercock3o', 'jlG55T0', 'Colene Saundercock', 'csaundercock3o@biblegateway.com', '65 American Terrace', '+86 787 732 9305', '0001928', '0006211');
insert into CLIENTE (id, nombre_usuario, Contraseña , Nombre, Email, Direccion , Telefono , id_Institucion, id_Ocupacion) values ('0000134', 'kbleazard3p', 'J7YmXcA73', 'Ky Bleazard', 'kbleazard3p@newsvine.com', '6777 Lawn Center', '+507 965 275 3214', '0001925', '0006214');
insert into CLIENTE (id, nombre_usuario, Contraseña , Nombre, Email, Direccion , Telefono , id_Institucion, id_Ocupacion) values ('0000135', 'rshepperd3q', 'z18ADDFYIpN', 'Rochell Shepperd', 'rshepperd3q@dailymail.co.uk', '2382 Rowland Junction', '+58 943 246 1792', '0001916', '0006213');
insert into CLIENTE (id, nombre_usuario, Contraseña , Nombre, Email, Direccion , Telefono , id_Institucion, id_Ocupacion) values ('0000136', 'mdaborn3r', 'AKFDdpO', 'Milissent Daborn', 'mdaborn3r@fastcompany.com', '739 Gale Hill', '+81 174 388 1526', '0001922', '0006211');
insert into CLIENTE (id, nombre_usuario, Contraseña , Nombre, Email, Direccion , Telefono , id_Institucion, id_Ocupacion) values ('0000137', 'ubraidwood3s', 'QY4W5f8cZ4fW', 'Ulrike Braidwood', 'ubraidwood3s@patch.com', '2 Little Fleur Avenue', '+62 746 556 3254', '0001924', '0006211');
insert into CLIENTE (id, nombre_usuario, Contraseña , Nombre, Email, Direccion , Telefono , id_Institucion, id_Ocupacion) values ('0000138', 'hzebedee3t', 'X1gI0FEol', 'Heddi Zebedee', 'hzebedee3t@apple.com', '1 Glendale Pass', '+502 479 868 0179', '0001918', '0006211');
insert into CLIENTE (id, nombre_usuario, Contraseña , Nombre, Email, Direccion , Telefono , id_Institucion, id_Ocupacion) values ('0000139', 'holiva3u', 'SpUrAHSo', 'Hyacinth Oliva', 'holiva3u@wiley.com', '659 Emmet Park', '+48 559 996 6112', '0001921', '0006212');
insert into CLIENTE (id, nombre_usuario, Contraseña , Nombre, Email, Direccion , Telefono , id_Institucion, id_Ocupacion) values ('0000140', 'jmapston3v', 'tzntxVL', 'Jenni Mapston', 'jmapston3v@cnn.com', '79 Schmedeman Park', '+33 591 908 0213', '0001920', '0006212');
insert into CLIENTE (id, nombre_usuario, Contraseña , Nombre, Email, Direccion , Telefono , id_Institucion, id_Ocupacion) values ('0000141', 'jclynman3w', 'VVWG3q', 'Jerri Clynman', 'jclynman3w@yale.edu', '92683 Ridgeway Drive', '+92 261 766 5372', '0001928', '0006213');
insert into CLIENTE (id, nombre_usuario, Contraseña , Nombre, Email, Direccion , Telefono , id_Institucion, id_Ocupacion) values ('0000142', 'avanin3x', '1b335t2n', 'Anabella Vanin', 'avanin3x@mozilla.com', '8438 Kropf Pass', '+62 818 206 4691', '0001912', '0006214');
insert into CLIENTE (id, nombre_usuario, Contraseña , Nombre, Email, Direccion , Telefono , id_Institucion, id_Ocupacion) values ('0000143', 'lstorrock3y', 'oYsAW5rL', 'Lorant Storrock', 'lstorrock3y@com.com', '592 Grayhawk Court', '+976 524 476 6727', '0001917', '0006212');
insert into CLIENTE (id, nombre_usuario, Contraseña , Nombre, Email, Direccion , Telefono , id_Institucion, id_Ocupacion) values ('0000144', 'alamberteschi3z', 'wrYMCM', 'Aurel Lamberteschi', 'alamberteschi3z@admin.ch', '5 Pond Parkway', '+505 132 796 8062', '0001913', '0006212');
insert into CLIENTE (id, nombre_usuario, Contraseña , Nombre, Email, Direccion , Telefono , id_Institucion, id_Ocupacion) values ('0000145', 'jthunder40', 'HcXzu50NOU', 'Josephina Thunder', 'jthunder40@joomla.org', '6 Colorado Avenue', '+351 880 627 1653', '0001910', '0006211');
insert into CLIENTE (id, nombre_usuario, Contraseña , Nombre, Email, Direccion , Telefono , id_Institucion, id_Ocupacion) values ('0000146', 'aeverley41', 'mGFs0Jm8', 'Alayne Everley', 'aeverley41@google.ru', '08 Sheridan Drive', '+1 120 424 4884', '0001917', '0006213');
insert into CLIENTE (id, nombre_usuario, Contraseña , Nombre, Email, Direccion , Telefono , id_Institucion, id_Ocupacion) values ('0000147', 'tbrugh42', 'MAMYe4p8nU', 'Tate Brugh', 'tbrugh42@diigo.com', '981 Esch Plaza', '+55 388 525 7436', '0001914', '0006214');
insert into CLIENTE (id, nombre_usuario, Contraseña , Nombre, Email, Direccion , Telefono , id_Institucion, id_Ocupacion) values ('0000148', 'mjorge43', 'cd8yyJ', 'Meriel Jorge', 'mjorge43@moonfruit.com', '6 Tomscot Crossing', '+224 416 510 8010', '0001918', '0006212');
insert into CLIENTE (id, nombre_usuario, Contraseña , Nombre, Email, Direccion , Telefono , id_Institucion, id_Ocupacion) values ('0000149', 'tscobbie44', 'zvUTd5', 'Tatiania Scobbie', 'tscobbie44@ftc.gov', '9 Linden Park', '+86 324 510 6875', '0001928', '0006212');
insert into CLIENTE (id, nombre_usuario, Contraseña , Nombre, Email, Direccion , Telefono , id_Institucion, id_Ocupacion) values ('0000150', 'mfugere45', '9AsqFrodCp', 'Myles Fugere', 'mfugere45@jimdo.com', '736 Garrison Crossing', '+1 229 928 6744', '0001927', '0006212');
insert into CLIENTE (id, nombre_usuario, Contraseña , Nombre, Email, Direccion , Telefono , id_Institucion, id_Ocupacion) values ('0000151', 'cmeugens46', 'k6NI6v', 'Cy Meugens', 'cmeugens46@github.io', '6750 Schlimgen Hill', '+7 790 222 0492', '0001912', '0006212');
insert into CLIENTE (id, nombre_usuario, Contraseña , Nombre, Email, Direccion , Telefono , id_Institucion, id_Ocupacion) values ('0000152', 'lgoulborn47', 'YRnTSGJ', 'Levi Goulborn', 'lgoulborn47@toplist.cz', '6 Monica Plaza', '+976 972 827 6208', '0001929', '0006214');
insert into CLIENTE (id, nombre_usuario, Contraseña , Nombre, Email, Direccion , Telefono , id_Institucion, id_Ocupacion) values ('0000153', 'apudney48', 'tsyffU', 'Ahmed Pudney', 'apudney48@ucoz.com', '22 Butternut Way', '+62 979 242 2646', '0001924', '0006213');
insert into CLIENTE (id, nombre_usuario, Contraseña , Nombre, Email, Direccion , Telefono , id_Institucion, id_Ocupacion) values ('0000154', 'mbackhouse49', 'cwHwBnLi6', 'Marchelle Backhouse', 'mbackhouse49@accuweather.com', '31 Veith Park', '+595 843 374 7989', '0001920', '0006213');
insert into CLIENTE (id, nombre_usuario, Contraseña , Nombre, Email, Direccion , Telefono , id_Institucion, id_Ocupacion) values ('0000155', 'tsymmons4a', 'l48egjVLfdHf', 'Tabbitha Symmons', 'tsymmons4a@dailymotion.com', '36 Judy Street', '+62 216 962 6788', '0001912', '0006212');
insert into CLIENTE (id, nombre_usuario, Contraseña , Nombre, Email, Direccion , Telefono , id_Institucion, id_Ocupacion) values ('0000156', 'epoff4b', 'qVh9vv', 'Elli Poff', 'epoff4b@ycombinator.com', '79 New Castle Circle', '+33 333 588 9587', '0001924', '0006213');
insert into CLIENTE (id, nombre_usuario, Contraseña , Nombre, Email, Direccion , Telefono , id_Institucion, id_Ocupacion) values ('0000157', 'aquarless4c', 'STRucl2myHoJ', 'Adrian Quarless', 'aquarless4c@huffingtonpost.com', '122 Jana Park', '+7 323 127 3748', '0001922', '0006212');
insert into CLIENTE (id, nombre_usuario, Contraseña , Nombre, Email, Direccion , Telefono , id_Institucion, id_Ocupacion) values ('0000158', 'dglenny4d', '6vjhXowNmU', 'Dolph Glenny', 'dglenny4d@parallels.com', '62988 Harper Avenue', '+53 203 117 8960', '0001927', '0006213');
insert into CLIENTE (id, nombre_usuario, Contraseña , Nombre, Email, Direccion , Telefono , id_Institucion, id_Ocupacion) values ('0000159', 'edalessio4e', 'LSf4MEj6Z', 'Eydie D''Alessio', 'edalessio4e@ezinearticles.com', '77 Rigney Junction', '+55 973 459 0576', '0001925', '0006214');
insert into CLIENTE (id, nombre_usuario, Contraseña , Nombre, Email, Direccion , Telefono , id_Institucion, id_Ocupacion) values ('0000160', 'clorence4f', 'RsRh8M', 'Corenda Lorence', 'clorence4f@amazon.com', '24 Waxwing Avenue', '+251 888 309 5965', '0001913', '0006214');
insert into CLIENTE (id, nombre_usuario, Contraseña , Nombre, Email, Direccion , Telefono , id_Institucion, id_Ocupacion) values ('0000161', 'ikimbrey4g', 'LzEWTTd4', 'Iolanthe Kimbrey', 'ikimbrey4g@exblog.jp', '36405 Bonner Court', '+86 629 703 5001', '0001921', '0006212');
insert into CLIENTE (id, nombre_usuario, Contraseña , Nombre, Email, Direccion , Telefono , id_Institucion, id_Ocupacion) values ('0000162', 'tthreadgould4h', '0bL0292psIw', 'Trixie Threadgould', 'tthreadgould4h@tripod.com', '53768 4th Avenue', '+1 934 118 9328', '0001914', '0006213');
insert into CLIENTE (id, nombre_usuario, Contraseña , Nombre, Email, Direccion , Telefono , id_Institucion, id_Ocupacion) values ('0000163', 'wbottoner4i', 'ENwLgpR', 'Wittie Bottoner', 'wbottoner4i@fema.gov', '2905 Pond Crossing', '+86 861 179 1936', '0001929', '0006213');
insert into CLIENTE (id, nombre_usuario, Contraseña , Nombre, Email, Direccion , Telefono , id_Institucion, id_Ocupacion) values ('0000164', 'pboss4j', 'TwhWJK', 'Pooh Boss', 'pboss4j@sourceforge.net', '1 Hanson Circle', '+86 795 648 5481', '0001923', '0006214');
insert into CLIENTE (id, nombre_usuario, Contraseña , Nombre, Email, Direccion , Telefono , id_Institucion, id_Ocupacion) values ('0000165', 'osidebotham4k', 'iCVsSPz7S', 'Orelle Sidebotham', 'osidebotham4k@cdc.gov', '4 Chive Point', '+46 697 912 2799', '0001927', '0006211');
insert into CLIENTE (id, nombre_usuario, Contraseña , Nombre, Email, Direccion , Telefono , id_Institucion, id_Ocupacion) values ('0000166', 'ocorde4l', 'DAxwEREj', 'Othilia Corde', 'ocorde4l@omniture.com', '8821 Delaware Avenue', '+86 866 167 5656', '0001912', '0006211');
insert into CLIENTE (id, nombre_usuario, Contraseña , Nombre, Email, Direccion , Telefono , id_Institucion, id_Ocupacion) values ('0000167', 'turen4m', 'a0t4Q61kqn', 'Tiphany Uren', 'turen4m@devhub.com', '254 Oak Valley Avenue', '+86 342 274 4618', '0001910', '0006212');
insert into CLIENTE (id, nombre_usuario, Contraseña , Nombre, Email, Direccion , Telefono , id_Institucion, id_Ocupacion) values ('0000168', 'lde4n', '9cZ1lJfYka', 'Lori De Freitas', 'lde4n@51.la', '0 Summit Parkway', '+86 672 949 6698', '0001911', '0006211');
insert into CLIENTE (id, nombre_usuario, Contraseña , Nombre, Email, Direccion , Telefono , id_Institucion, id_Ocupacion) values ('0000169', 'ohailwood4o', 'Km7c8wC', 'Oliy Hailwood', 'ohailwood4o@miitbeian.gov.cn', '91072 Eliot Point', '+351 317 656 7491', '0001930', '0006214');
insert into CLIENTE (id, nombre_usuario, Contraseña , Nombre, Email, Direccion , Telefono , id_Institucion, id_Ocupacion) values ('0000170', 'mkellen4p', 'BlH2hZ', 'Maximilien Kellen', 'mkellen4p@woothemes.com', '3 Manufacturers Junction', '+46 480 362 0135', '0001923', '0006211');
insert into CLIENTE (id, nombre_usuario, Contraseña , Nombre, Email, Direccion , Telefono , id_Institucion, id_Ocupacion) values ('0000171', 'svallentin4q', '9PA1w1q0K', 'Sharyl Vallentin', 'svallentin4q@nytimes.com', '0 Fairview Court', '+86 926 708 0653', '0001916', '0006214');
insert into CLIENTE (id, nombre_usuario, Contraseña , Nombre, Email, Direccion , Telefono , id_Institucion, id_Ocupacion) values ('0000172', 'ifasson4r', 'WlYAVl7PJX', 'Inglebert Fasson', 'ifasson4r@phpbb.com', '9434 Laurel Parkway', '+82 363 142 5338', '0001921', '0006214');
insert into CLIENTE (id, nombre_usuario, Contraseña , Nombre, Email, Direccion , Telefono , id_Institucion, id_Ocupacion) values ('0000173', 'bmccrudden4s', 'tnpzLc', 'Babs McCrudden', 'bmccrudden4s@seesaa.net', '2609 Summit Pass', '+255 227 258 3647', '0001928', '0006211');
insert into CLIENTE (id, nombre_usuario, Contraseña , Nombre, Email, Direccion , Telefono , id_Institucion, id_Ocupacion) values ('0000174', 'gthurborn4t', '4pPhe1Lg', 'Gordan Thurborn', 'gthurborn4t@networkadvertising.org', '884 Delladonna Court', '+51 208 483 3601', '0001923', '0006212');
insert into CLIENTE (id, nombre_usuario, Contraseña , Nombre, Email, Direccion , Telefono , id_Institucion, id_Ocupacion) values ('0000175', 'tdollar4u', 'QOQNeD', 'Tally Dollar', 'tdollar4u@utexas.edu', '70786 Schmedeman Lane', '+45 123 522 8049', '0001911', '0006213');
insert into CLIENTE (id, nombre_usuario, Contraseña , Nombre, Email, Direccion , Telefono , id_Institucion, id_Ocupacion) values ('0000176', 'mrobertson4v', '9mJWZss7', 'Merell Robertson', 'mrobertson4v@symantec.com', '98515 Logan Court', '+55 986 240 5102', '0001926', '0006212');
insert into CLIENTE (id, nombre_usuario, Contraseña , Nombre, Email, Direccion , Telefono , id_Institucion, id_Ocupacion) values ('0000177', 'ljost4w', 'gFA3x9l', 'Lucian Jost', 'ljost4w@ft.com', '03987 Di Loreto Point', '+86 489 682 1417', '0001923', '0006213');
insert into CLIENTE (id, nombre_usuario, Contraseña , Nombre, Email, Direccion , Telefono , id_Institucion, id_Ocupacion) values ('0000178', 'wforbes4x', 'Le6UXg7z6R', 'Waylin Forbes', 'wforbes4x@tuttocitta.it', '66 Merchant Drive', '+86 276 236 9196', '0001923', '0006211');
insert into CLIENTE (id, nombre_usuario, Contraseña , Nombre, Email, Direccion , Telefono , id_Institucion, id_Ocupacion) values ('0000179', 'grennels4y', 'ifizwyR', 'Gearard Rennels', 'grennels4y@army.mil', '0210 Hansons Junction', '+7 836 208 9365', '0001918', '0006213');
insert into CLIENTE (id, nombre_usuario, Contraseña , Nombre, Email, Direccion , Telefono , id_Institucion, id_Ocupacion) values ('0000180', 'wle4z', '0TfDQthgd5G', 'Willette Le Leu', 'wle4z@typepad.com', '1063 Dryden Plaza', '+30 990 800 9760', '0001930', '0006212');
insert into CLIENTE (id, nombre_usuario, Contraseña , Nombre, Email, Direccion , Telefono , id_Institucion, id_Ocupacion) values ('0000181', 'jbarth50', '7uCBUYt8', 'Juan Barth', 'jbarth50@spotify.com', '953 Northview Way', '+86 469 440 7160', '0001917', '0006214');
insert into CLIENTE (id, nombre_usuario, Contraseña , Nombre, Email, Direccion , Telefono , id_Institucion, id_Ocupacion) values ('0000182', 'dborrell51', 'fITfz9o7m41L', 'Deborah Borrell', 'dborrell51@opensource.org', '2 Golf Course Lane', '+56 676 237 2474', '0001918', '0006211');
insert into CLIENTE (id, nombre_usuario, Contraseña , Nombre, Email, Direccion , Telefono , id_Institucion, id_Ocupacion) values ('0000183', 'msibylla52', '6amHap8R', 'Mei Sibylla', 'msibylla52@google.co.uk', '8 Buell Pass', '+55 690 401 4314', '0001916', '0006213');
insert into CLIENTE (id, nombre_usuario, Contraseña , Nombre, Email, Direccion , Telefono , id_Institucion, id_Ocupacion) values ('0000184', 'ldeyes53', '6bZe1rc', 'Loy Deyes', 'ldeyes53@elpais.com', '51 Nelson Trail', '+242 885 142 3730', '0001928', '0006213');
insert into CLIENTE (id, nombre_usuario, Contraseña , Nombre, Email, Direccion , Telefono , id_Institucion, id_Ocupacion) values ('0000185', 'aberridge54', '42magCz', 'Abdul Berridge', 'aberridge54@fastcompany.com', '6511 Pearson Avenue', '+1 671 392 0382', '0001924', '0006214');
insert into CLIENTE (id, nombre_usuario, Contraseña , Nombre, Email, Direccion , Telefono , id_Institucion, id_Ocupacion) values ('0000186', 'moldridge55', 'twaFJRz9g84P', 'Maryjane Oldridge', 'moldridge55@ca.gov', '45 Golden Leaf Road', '+62 751 868 8986', '0001916', '0006212');
insert into CLIENTE (id, nombre_usuario, Contraseña , Nombre, Email, Direccion , Telefono , id_Institucion, id_Ocupacion) values ('0000187', 'fconew56', 'PWLo6o', 'Ferdie Conew', 'fconew56@redcross.org', '94052 Spenser Place', '+57 119 759 6168', '0001922', '0006211');
insert into CLIENTE (id, nombre_usuario, Contraseña , Nombre, Email, Direccion , Telefono , id_Institucion, id_Ocupacion) values ('0000188', 'jvouls57', '2pzRIeYH', 'Jammal Vouls', 'jvouls57@adobe.com', '933 Elka Alley', '+62 137 360 4135', '0001921', '0006211');
insert into CLIENTE (id, nombre_usuario, Contraseña , Nombre, Email, Direccion , Telefono , id_Institucion, id_Ocupacion) values ('0000189', 'gbrearty58', 'mYIiBD', 'Gardner Brearty', 'gbrearty58@telegraph.co.uk', '2 Buell Way', '+27 772 634 9790', '0001925', '0006213');
insert into CLIENTE (id, nombre_usuario, Contraseña , Nombre, Email, Direccion , Telefono , id_Institucion, id_Ocupacion) values ('0000190', 'aedwinson59', 'LtWTvR4iaC', 'Angeline Edwinson', 'aedwinson59@ted.com', '2846 Garrison Point', '+1 970 614 6958', '0001930', '0006212');
insert into CLIENTE (id, nombre_usuario, Contraseña , Nombre, Email, Direccion , Telefono , id_Institucion, id_Ocupacion) values ('0000191', 'sfilipputti5a', '7wbCUq', 'Sadie Filipputti', 'sfilipputti5a@wufoo.com', '51331 6th Plaza', '+30 703 594 6783', '0001914', '0006214');
insert into CLIENTE (id, nombre_usuario, Contraseña , Nombre, Email, Direccion , Telefono , id_Institucion, id_Ocupacion) values ('0000192', 'mscamadine5b', 'FaIUxx', 'Marcos Scamadine', 'mscamadine5b@ebay.com', '2 Buhler Center', '+46 645 229 0155', '0001910', '0006213');
insert into CLIENTE (id, nombre_usuario, Contraseña , Nombre, Email, Direccion , Telefono , id_Institucion, id_Ocupacion) values ('0000193', 'eszimoni5c', 'whDS4t', 'Elisabet Szimoni', 'eszimoni5c@linkedin.com', '87322 Fuller Crossing', '+504 548 367 0861', '0001925', '0006213');
insert into CLIENTE (id, nombre_usuario, Contraseña , Nombre, Email, Direccion , Telefono , id_Institucion, id_Ocupacion) values ('0000194', 'snisby5d', 'FxuTVVbE4aK', 'Stanwood Nisby', 'snisby5d@bigcartel.com', '11 Quincy Junction', '+62 364 581 3308', '0001911', '0006213');
insert into CLIENTE (id, nombre_usuario, Contraseña , Nombre, Email, Direccion , Telefono , id_Institucion, id_Ocupacion) values ('0000195', 'tblockley5e', 'coSwEi5psnp', 'Tamqrah Blockley', 'tblockley5e@nydailynews.com', '15855 Brown Center', '+46 756 154 8161', '0001923', '0006211');
insert into CLIENTE (id, nombre_usuario, Contraseña , Nombre, Email, Direccion , Telefono , id_Institucion, id_Ocupacion) values ('0000196', 'dwisedale5f', '6mIn55ymUM', 'Deva Wisedale', 'dwisedale5f@ucoz.ru', '84 Carey Center', '+7 392 414 9703', '0001915', '0006212');
insert into CLIENTE (id, nombre_usuario, Contraseña , Nombre, Email, Direccion , Telefono , id_Institucion, id_Ocupacion) values ('0000197', 'bstanes5g', 'd5duRO1jPv', 'Budd Stanes', 'bstanes5g@pen.io', '7 Bartelt Alley', '+93 719 998 1288', '0001919', '0006214');
insert into CLIENTE (id, nombre_usuario, Contraseña , Nombre, Email, Direccion , Telefono , id_Institucion, id_Ocupacion) values ('0000198', 'sgiacomo5h', '4lzcJSDW', 'Sigismund Giacomo', 'sgiacomo5h@sciencedaily.com', '5 Farwell Circle', '+63 646 601 6956', '0001916', '0006214');
insert into CLIENTE (id, nombre_usuario, Contraseña , Nombre, Email, Direccion , Telefono , id_Institucion, id_Ocupacion) values ('0000199', 'rhumbee5i', 'X4aq3uZKO', 'Roselle Humbee', 'rhumbee5i@huffingtonpost.com', '820 Barnett Lane', '+62 715 423 7402', '0001921', '0006213');
insert into CLIENTE (id, nombre_usuario, Contraseña , Nombre, Email, Direccion , Telefono , id_Institucion, id_Ocupacion) values ('0000200', 'rhuelin5j', 'SseVxCi6p', 'Ranee Huelin', 'rhuelin5j@uol.com.br', '16 Northwestern Pass', '+51 242 524 7345', '0001928', '0006214');
insert into CLIENTE (id, nombre_usuario, Contraseña , Nombre, Email, Direccion , Telefono , id_Institucion, id_Ocupacion) values ('0000201', 'eayliff5k', 'aHAJTZe8tG', 'Ethe Ayliff', 'eayliff5k@usatoday.com', '89 Veith Point', '+62 657 713 2422', '0001923', '0006214');
insert into CLIENTE (id, nombre_usuario, Contraseña , Nombre, Email, Direccion , Telefono , id_Institucion, id_Ocupacion) values ('0000202', 'nveck5l', 'rr769tF', 'Nana Veck', 'nveck5l@livejournal.com', '98 Lakewood Gardens Street', '+1 503 652 4401', '0001917', '0006213');
insert into CLIENTE (id, nombre_usuario, Contraseña , Nombre, Email, Direccion , Telefono , id_Institucion, id_Ocupacion) values ('0000203', 'ggresham5m', '9GPInw1sHN', 'Greg Gresham', 'ggresham5m@tiny.cc', '7360 Toban Junction', '+7 872 832 6086', '0001920', '0006212');
insert into CLIENTE (id, nombre_usuario, Contraseña , Nombre, Email, Direccion , Telefono , id_Institucion, id_Ocupacion) values ('0000204', 'aarmin5n', '7l3HFnQOJdCh', 'Allistir Armin', 'aarmin5n@gmpg.org', '25237 Cascade Court', '+51 454 632 4643', '0001911', '0006211');
insert into CLIENTE (id, nombre_usuario, Contraseña , Nombre, Email, Direccion , Telefono , id_Institucion, id_Ocupacion) values ('0000205', 'rsnell5o', 'zZhfuIXN', 'Redd Snell', 'rsnell5o@squarespace.com', '84897 Fordem Drive', '+373 124 461 2259', '0001927', '0006212');
insert into CLIENTE (id, nombre_usuario, Contraseña , Nombre, Email, Direccion , Telefono , id_Institucion, id_Ocupacion) values ('0000206', 'rmanion5p', 'cjjL7NU', 'Rebe Manion', 'rmanion5p@cocolog-nifty.com', '333 Gulseth Street', '+351 682 358 6303', '0001927', '0006214');
insert into CLIENTE (id, nombre_usuario, Contraseña , Nombre, Email, Direccion , Telefono , id_Institucion, id_Ocupacion) values ('0000207', 'lhousbie5q', 'L8AL0zYT', 'Link Housbie', 'lhousbie5q@about.me', '47415 Loomis Road', '+86 812 443 7847', '0001928', '0006211');
insert into CLIENTE (id, nombre_usuario, Contraseña , Nombre, Email, Direccion , Telefono , id_Institucion, id_Ocupacion) values ('0000208', 'gcallender5r', 'wC5TSO', 'Gran Callender', 'gcallender5r@seesaa.net', '28643 Emmet Court', '+385 124 405 1117', '0001910', '0006212');
insert into CLIENTE (id, nombre_usuario, Contraseña , Nombre, Email, Direccion , Telefono , id_Institucion, id_Ocupacion) values ('0000209', 'pjewer5s', '4n3JfPgKTYn', 'Pate Jewer', 'pjewer5s@altervista.org', '63 Straubel Junction', '+1 436 255 9102', '0001917', '0006213');
insert into CLIENTE (id, nombre_usuario, Contraseña , Nombre, Email, Direccion , Telefono , id_Institucion, id_Ocupacion) values ('0000210', 'mcampany5t', 'RuSBtMFON', 'Matthaeus Campany', 'mcampany5t@ftc.gov', '88093 Summit Park', '+233 112 941 9595', '0001924', '0006214');
insert into CLIENTE (id, nombre_usuario, Contraseña , Nombre, Email, Direccion , Telefono , id_Institucion, id_Ocupacion) values ('0000211', 'rgilmartin5u', 'ZQ7mY2HQV', 'Rockey Gilmartin', 'rgilmartin5u@columbia.edu', '3 Eagan Park', '+86 984 706 9714', '0001914', '0006214');
insert into CLIENTE (id, nombre_usuario, Contraseña , Nombre, Email, Direccion , Telefono , id_Institucion, id_Ocupacion) values ('0000212', 'ascrivinor5v', 'alPXXQZvqBRV', 'Abbie Scrivinor', 'ascrivinor5v@ocn.ne.jp', '8083 Porter Trail', '+380 460 758 2168', '0001924', '0006212');
insert into CLIENTE (id, nombre_usuario, Contraseña , Nombre, Email, Direccion , Telefono , id_Institucion, id_Ocupacion) values ('0000213', 'kcapponeer5w', 'iY5KKbdRQ0', 'Kirstyn Capponeer', 'kcapponeer5w@ning.com', '41 Carpenter Pass', '+63 512 828 9969', '0001922', '0006213');
insert into CLIENTE (id, nombre_usuario, Contraseña , Nombre, Email, Direccion , Telefono , id_Institucion, id_Ocupacion) values ('0000214', 'vtyt5x', 'asNRtXWxGUQ', 'Verine Tyt', 'vtyt5x@studiopress.com', '84 Melvin Point', '+63 141 132 3320', '0001918', '0006214');
insert into CLIENTE (id, nombre_usuario, Contraseña , Nombre, Email, Direccion , Telefono , id_Institucion, id_Ocupacion) values ('0000215', 'reite5y', 'iiXyikV', 'Rourke Eite', 'reite5y@github.com', '99419 Talmadge Trail', '+370 568 635 4678', '0001922', '0006212');
insert into CLIENTE (id, nombre_usuario, Contraseña , Nombre, Email, Direccion , Telefono , id_Institucion, id_Ocupacion) values ('0000216', 'bfoulds5z', 'kpVHOkEASn', 'Bride Foulds', 'bfoulds5z@army.mil', '63 Havey Road', '+62 956 991 4994', '0001922', '0006211');
insert into CLIENTE (id, nombre_usuario, Contraseña , Nombre, Email, Direccion , Telefono , id_Institucion, id_Ocupacion) values ('0000217', 'ncastagnasso60', 'sxmuXj58BUOZ', 'Niccolo Castagnasso', 'ncastagnasso60@ucoz.ru', '290 Lerdahl Center', '+92 500 572 3592', '0001924', '0006212');
insert into CLIENTE (id, nombre_usuario, Contraseña , Nombre, Email, Direccion , Telefono , id_Institucion, id_Ocupacion) values ('0000218', 'jstienham61', '1JUWVSUfw', 'Jori Stienham', 'jstienham61@pagesperso-orange.fr', '0 Mariners Cove Point', '+86 425 328 4061', '0001914', '0006212');
insert into CLIENTE (id, nombre_usuario, Contraseña , Nombre, Email, Direccion , Telefono , id_Institucion, id_Ocupacion) values ('0000219', 'kales62', '67z2ows3F', 'Kiersten Ales0', 'kales62@adobe.com', '586 Dottie Park', '+63 508 192 9493', '0001919', '0006214');
insert into CLIENTE (id, nombre_usuario, Contraseña , Nombre, Email, Direccion , Telefono , id_Institucion, id_Ocupacion) values ('0000220', 'mhutchens63', 'Gao6Si6Jps', 'Maisey Hutchens', 'mhutchens63@360.cn', '20365 Forest Lane', '+502 602 497 2892', '0001924', '0006214');
insert into CLIENTE (id, nombre_usuario, Contraseña , Nombre, Email, Direccion , Telefono , id_Institucion, id_Ocupacion) values ('0000221', 'pgirod64', 'MXV5tRisUc', 'Parke Girod', 'pgirod64@weather.com', '764 Garrison Hill', '+86 931 546 5362', '0001926', '0006214');
insert into CLIENTE (id, nombre_usuario, Contraseña , Nombre, Email, Direccion , Telefono , id_Institucion, id_Ocupacion) values ('0000222', 'lhawkswood65', 'NRf2Wa', 'Lezlie Hawkswood', 'lhawkswood65@noaa.gov', '175 Spaight Plaza', '+63 894 626 1724', '0001915', '0006211');
insert into CLIENTE (id, nombre_usuario, Contraseña , Nombre, Email, Direccion , Telefono , id_Institucion, id_Ocupacion) values ('0000223', 'bklimov66', 'v9aK1f8v6PX', 'Bealle Klimov', 'bklimov66@abc.net.au', '250 Chinook Junction', '+62 694 116 4571', '0001919', '0006214');
insert into CLIENTE (id, nombre_usuario, Contraseña , Nombre, Email, Direccion , Telefono , id_Institucion, id_Ocupacion) values ('0000224', 'cagate67', '7BsFwFk0plS', 'Crissie Agate', 'cagate67@nps.gov', '871 Golf View Place', '+7 493 435 8750', '0001923', '0006213');
insert into CLIENTE (id, nombre_usuario, Contraseña , Nombre, Email, Direccion , Telefono , id_Institucion, id_Ocupacion) values ('0000225', 'jflatley68', 'x6ssEWiJAHB', 'Jodi Flatley', 'jflatley68@lulu.com', '001 Sunbrook Road', '+62 307 815 7760', '0001925', '0006214');
insert into CLIENTE (id, nombre_usuario, Contraseña , Nombre, Email, Direccion , Telefono , id_Institucion, id_Ocupacion) values ('0000226', 'mbroun69', 'sivGWQ', 'Marysa Broun', 'mbroun69@bloomberg.com', '90736 Everett Way', '+62 851 593 6025', '0001925', '0006212');
insert into CLIENTE (id, nombre_usuario, Contraseña , Nombre, Email, Direccion , Telefono , id_Institucion, id_Ocupacion) values ('0000227', 'xewbach6a', 'eTf4XytN', 'Ximenez Ewbach', 'xewbach6a@oaic.gov.au', '1984 Merry Way', '+51 203 473 4260', '0001913', '0006214');
insert into CLIENTE (id, nombre_usuario, Contraseña , Nombre, Email, Direccion , Telefono , id_Institucion, id_Ocupacion) values ('0000228', 'kmclagan6b', 'AIT6m6', 'Kippie McLagan', 'kmclagan6b@gnu.org', '94 Hoffman Trail', '+84 136 378 8155', '0001929', '0006212');
insert into CLIENTE (id, nombre_usuario, Contraseña , Nombre, Email, Direccion , Telefono , id_Institucion, id_Ocupacion) values ('0000229', 'tede6c', 's762csX0', 'Tuck Ede', 'tede6c@sina.com.cn', '3256 Reindahl Road', '+81 801 850 4184', '0001926', '0006213');
insert into CLIENTE (id, nombre_usuario, Contraseña , Nombre, Email, Direccion , Telefono , id_Institucion, id_Ocupacion) values ('0000230', 'fnaul6d', 'gYB4UsY3HRt', 'Fulvia Naul', 'fnaul6d@wsj.com', '0 Donald Point', '+62 778 269 3428', '0001922', '0006214');
insert into CLIENTE (id, nombre_usuario, Contraseña , Nombre, Email, Direccion , Telefono , id_Institucion, id_Ocupacion) values ('0000231', 'rnash6e', 'QdmM0MbMQhY', 'Robinette Nash', 'rnash6e@webmd.com', '861 Jay Lane', '+212 726 930 2151', '0001915', '0006214');
insert into CLIENTE (id, nombre_usuario, Contraseña , Nombre, Email, Direccion , Telefono , id_Institucion, id_Ocupacion) values ('0000232', 'csumsion6f', 'xoEYxCEd', 'Camile Sumsion', 'csumsion6f@sciencedaily.com', '6020 Holmberg Circle', '+63 443 109 9942', '0001921', '0006211');
insert into CLIENTE (id, nombre_usuario, Contraseña , Nombre, Email, Direccion , Telefono , id_Institucion, id_Ocupacion) values ('0000233', 'vcovill6g', 'vUhpCXr16d1W', 'Valery Covill', 'vcovill6g@mysql.com', '33 American Ash Alley', '+229 694 471 7006', '0001926', '0006211');
insert into CLIENTE (id, nombre_usuario, Contraseña , Nombre, Email, Direccion , Telefono , id_Institucion, id_Ocupacion) values ('0000234', 'wticehurst6h', '20VXUXdI', 'Wake Ticehurst', 'wticehurst6h@infoseek.co.jp', '2257 Burning Wood Terrace', '+63 379 479 3044', '0001915', '0006213');
insert into CLIENTE (id, nombre_usuario, Contraseña , Nombre, Email, Direccion , Telefono , id_Institucion, id_Ocupacion) values ('0000235', 'ccometto6i', '2AZaebtbPX', 'Caty Cometto', 'ccometto6i@opera.com', '7322 Nova Way', '+47 583 714 9847', '0001925', '0006212');
insert into CLIENTE (id, nombre_usuario, Contraseña , Nombre, Email, Direccion , Telefono , id_Institucion, id_Ocupacion) values ('0000236', 'rohannay6j', 'mINHy3', 'Royall O''Hannay', 'rohannay6j@cbslocal.com', '452 Comanche Road', '+55 377 748 5839', '0001923', '0006212');
insert into CLIENTE (id, nombre_usuario, Contraseña , Nombre, Email, Direccion , Telefono , id_Institucion, id_Ocupacion) values ('0000237', 'idecroix6k', 'zYLJnBOtmAD', 'Issi Decroix', 'idecroix6k@addtoany.com', '969 Jackson Lane', '+7 809 435 4521', '0001912', '0006211');
insert into CLIENTE (id, nombre_usuario, Contraseña , Nombre, Email, Direccion , Telefono , id_Institucion, id_Ocupacion) values ('0000238', 'aneilus6l', '1ZxYGtVdKo5R', 'Ailis Neilus', 'aneilus6l@microsoft.com', '3 Bonner Park', '+86 827 220 9599', '0001920', '0006212');
insert into CLIENTE (id, nombre_usuario, Contraseña , Nombre, Email, Direccion , Telefono , id_Institucion, id_Ocupacion) values ('0000239', 'bmiddlemass6m', 'DLxuVh7Vi', 'Bran Middlemass', 'bmiddlemass6m@tinyurl.com', '5 Crownhardt Road', '+506 264 940 0838', '0001924', '0006213');
insert into CLIENTE (id, nombre_usuario, Contraseña , Nombre, Email, Direccion , Telefono , id_Institucion, id_Ocupacion) values ('0000240', 'sbeckhurst6n', '7bMKsAeVz0', 'Sheela Beckhurst', 'sbeckhurst6n@cyberchimps.com', '2845 Annamark Alley', '+86 668 957 9957', '0001924', '0006214');
insert into CLIENTE (id, nombre_usuario, Contraseña , Nombre, Email, Direccion , Telefono , id_Institucion, id_Ocupacion) values ('0000241', 'mchatters6o', 'YRnDFG', 'Malinda Chatters', 'mchatters6o@wikispaces.com', '91861 Bartillon Trail', '+48 798 505 2930', '0001924', '0006213');
insert into CLIENTE (id, nombre_usuario, Contraseña , Nombre, Email, Direccion , Telefono , id_Institucion, id_Ocupacion) values ('0000242', 'rcarlens6p', 'm7x8myZ6bes3', 'Rhona Carlens', 'rcarlens6p@cargocollective.com', '17136 Shopko Terrace', '+254 491 981 8703', '0001916', '0006211');
insert into CLIENTE (id, nombre_usuario, Contraseña , Nombre, Email, Direccion , Telefono , id_Institucion, id_Ocupacion) values ('0000243', 'ablampey6q', 'RXf6xBjEFns7', 'Andrej Blampey', 'ablampey6q@mit.edu', '21 Transport Center', '+48 360 643 0263', '0001918', '0006213');
insert into CLIENTE (id, nombre_usuario, Contraseña , Nombre, Email, Direccion , Telefono , id_Institucion, id_Ocupacion) values ('0000244', 'jsemark6r', 'TihZp0HRaWx', 'Jeramie Semark', 'jsemark6r@networkadvertising.org', '7381 Dawn Place', '+255 214 864 2284', '0001917', '0006211');
insert into CLIENTE (id, nombre_usuario, Contraseña , Nombre, Email, Direccion , Telefono , id_Institucion, id_Ocupacion) values ('0000245', 'lkoubek6s', 'HipuuLUExK', 'Leeann Koubek', 'lkoubek6s@jalbum.net', '64 Starling Alley', '+1 275 214 0557', '0001913', '0006211');
insert into CLIENTE (id, nombre_usuario, Contraseña , Nombre, Email, Direccion , Telefono , id_Institucion, id_Ocupacion) values ('0000246', 'rmacskeaghan6t', 'QLbur7', 'Randell MacSkeaghan', 'rmacskeaghan6t@nasa.gov', '042 Hanover Road', '+86 618 835 5127', '0001924', '0006212');
insert into CLIENTE (id, nombre_usuario, Contraseña , Nombre, Email, Direccion , Telefono , id_Institucion, id_Ocupacion) values ('0000247', 'bandreu6u', 'XFwiM1iNx', 'Buddie Andreu', 'bandreu6u@wisc.edu', '02893 Kennedy Court', '+86 440 732 8049', '0001910', '0006214');
insert into CLIENTE (id, nombre_usuario, Contraseña , Nombre, Email, Direccion , Telefono , id_Institucion, id_Ocupacion) values ('0000248', 'atidbald6v', 'K5x3r86', 'Anthea Tidbald', 'atidbald6v@fotki.com', '7 Maple Lane', '+263 737 462 5463', '0001926', '0006212');
insert into CLIENTE (id, nombre_usuario, Contraseña , Nombre, Email, Direccion , Telefono , id_Institucion, id_Ocupacion) values ('0000249', 'karling6w', 'sxHTRKqGLt', 'Karlotte Arling', 'karling6w@mit.edu', '468 Bellgrove Alley', '+86 136 984 4066', '0001911', '0006212');
insert into CLIENTE (id, nombre_usuario, Contraseña , Nombre, Email, Direccion , Telefono , id_Institucion, id_Ocupacion) values ('0000250', 'awernham6x', 'gJ4pf8uP', 'Arden Wernham', 'awernham6x@pinterest.com', '65465 Ohio Circle', '+62 660 397 7218', '0001915', '0006214');
insert into CLIENTE (id, nombre_usuario, Contraseña , Nombre, Email, Direccion , Telefono , id_Institucion, id_Ocupacion) values ('0000251', 'abradnock6y', 'u4csqo', 'Agace Bradnock', 'abradnock6y@yale.edu', '3097 Waubesa Parkway', '+86 293 981 6928', '0001925', '0006213');
insert into CLIENTE (id, nombre_usuario, Contraseña , Nombre, Email, Direccion , Telefono , id_Institucion, id_Ocupacion) values ('0000252', 'bhazart6z', 'WVVan5dGc', 'Bridie Hazart', 'bhazart6z@themeforest.net', '00058 Mcbride Place', '+86 181 204 1297', '0001920', '0006211');
insert into CLIENTE (id, nombre_usuario, Contraseña , Nombre, Email, Direccion , Telefono , id_Institucion, id_Ocupacion) values ('0000253', 'rlevet70', 'bXwD62FS4jpW', 'Rudiger Levet', 'rlevet70@prlog.org', '41 Jenna Parkway', '+691 151 714 3016', '0001919', '0006211');
insert into CLIENTE (id, nombre_usuario, Contraseña , Nombre, Email, Direccion , Telefono , id_Institucion, id_Ocupacion) values ('0000254', 'alambole71', 'c471FVlL', 'Aleda Lambole', 'alambole71@domainmarket.com', '5713 Manitowish Park', '+7 184 178 6606', '0001927', '0006212');
insert into CLIENTE (id, nombre_usuario, Contraseña , Nombre, Email, Direccion , Telefono , id_Institucion, id_Ocupacion) values ('0000255', 'lbeggi72', 'QoIDsHEBA', 'Lonny Beggi', 'lbeggi72@indiegogo.com', '274 Sauthoff Road', '+251 481 167 5547', '0001920', '0006213');
insert into CLIENTE (id, nombre_usuario, Contraseña , Nombre, Email, Direccion , Telefono , id_Institucion, id_Ocupacion) values ('0000256', 'pbladge73', 'Mk1KpdsBE2', 'Pooh Bladge', 'pbladge73@unesco.org', '7 Kim Hill', '+7 827 613 1209', '0001914', '0006211');
insert into CLIENTE (id, nombre_usuario, Contraseña , Nombre, Email, Direccion , Telefono , id_Institucion, id_Ocupacion) values ('0000257', 'rbutterly74', 'nFTHXC', 'Reese Butterly', 'rbutterly74@gizmodo.com', '8 Barby Parkway', '+86 919 314 6166', '0001920', '0006212');
insert into CLIENTE (id, nombre_usuario, Contraseña , Nombre, Email, Direccion , Telefono , id_Institucion, id_Ocupacion) values ('0000258', 'hchamperlen75', 'pxnf47YU', 'Holden Champerlen', 'hchamperlen75@cisco.com', '1748 Quincy Trail', '+55 785 180 9343', '0001921', '0006213');
insert into CLIENTE (id, nombre_usuario, Contraseña , Nombre, Email, Direccion , Telefono , id_Institucion, id_Ocupacion) values ('0000259', 'khoodspeth76', 'JvODYS4', 'Karon Hoodspeth', 'khoodspeth76@ucla.edu', '9 Northview Lane', '+44 184 606 0296', '0001915', '0006214');
insert into CLIENTE (id, nombre_usuario, Contraseña , Nombre, Email, Direccion , Telefono , id_Institucion, id_Ocupacion) values ('0000260', 'nredmile77', 'oGhk3S1liDx', 'Nadia Redmile', 'nredmile77@japanpost.jp', '58049 Continental Center', '+62 599 705 9765', '0001913', '0006212');
insert into CLIENTE (id, nombre_usuario, Contraseña , Nombre, Email, Direccion , Telefono , id_Institucion, id_Ocupacion) values ('0000261', 'lmcalister78', 'XkYWhoqK', 'Libby McAlister', 'lmcalister78@amazon.de', '5210 Ludington Avenue', '+381 289 988 8806', '0001918', '0006212');
insert into CLIENTE (id, nombre_usuario, Contraseña , Nombre, Email, Direccion , Telefono , id_Institucion, id_Ocupacion) values ('0000262', 'gskilbeck79', 'lnEzXT2FSz', 'Genevra Skilbeck', 'gskilbeck79@utexas.edu', '025 Dexter Way', '+1 244 328 2555', '0001930', '0006213');
insert into CLIENTE (id, nombre_usuario, Contraseña , Nombre, Email, Direccion , Telefono , id_Institucion, id_Ocupacion) values ('0000263', 'twellan7a', '0MCo0hf', 'Talia Wellan', 'twellan7a@studiopress.com', '51 Rieder Center', '+86 509 513 0168', '0001912', '0006214');
insert into CLIENTE (id, nombre_usuario, Contraseña , Nombre, Email, Direccion , Telefono , id_Institucion, id_Ocupacion) values ('0000264', 'abandiera7b', 'btcQskVyW', 'Amitie Bandiera', 'abandiera7b@reference.com', '4 Dakota Point', '+7 446 323 3446', '0001913', '0006212');
insert into CLIENTE (id, nombre_usuario, Contraseña , Nombre, Email, Direccion , Telefono , id_Institucion, id_Ocupacion) values ('0000265', 'jivanovic7c', 'k5ugQUf', 'Joana Ivanovic', 'jivanovic7c@forbes.com', '0 Bartelt Hill', '+967 814 680 5672', '0001922', '0006213');
insert into CLIENTE (id, nombre_usuario, Contraseña , Nombre, Email, Direccion , Telefono , id_Institucion, id_Ocupacion) values ('0000266', 'agentile7d', 'RwKJ4SQA2', 'Artemas Gentile', 'agentile7d@comcast.net', '6 Larry Circle', '+47 211 290 6337', '0001912', '0006212');
insert into CLIENTE (id, nombre_usuario, Contraseña , Nombre, Email, Direccion , Telefono , id_Institucion, id_Ocupacion) values ('0000267', 'atincombe7e', 'ASE9SdDj0Ls', 'Abbey Tincombe', 'atincombe7e@vkontakte.ru', '99753 Tennessee Pass', '+7 661 772 1314', '0001926', '0006211');
insert into CLIENTE (id, nombre_usuario, Contraseña , Nombre, Email, Direccion , Telefono , id_Institucion, id_Ocupacion) values ('0000268', 'lhabert7f', 'tVM1VfQ', 'Lucie Habert', 'lhabert7f@tuttocitta.it', '9 Sycamore Point', '+62 411 588 7407', '0001929', '0006212');
insert into CLIENTE (id, nombre_usuario, Contraseña , Nombre, Email, Direccion , Telefono , id_Institucion, id_Ocupacion) values ('0000269', 'fgoldsack7g', 'd5tA90Pf6', 'Felicio Goldsack', 'fgoldsack7g@posterous.com', '48087 Main Junction', '+62 168 931 9061', '0001928', '0006211');
insert into CLIENTE (id, nombre_usuario, Contraseña , Nombre, Email, Direccion , Telefono , id_Institucion, id_Ocupacion) values ('0000270', 'etrittam7h', 's50J3RpXHDf8', 'Eustace Trittam', 'etrittam7h@nbcnews.com', '118 Pine View Park', '+86 803 116 2004', '0001927', '0006213');
insert into CLIENTE (id, nombre_usuario, Contraseña , Nombre, Email, Direccion , Telefono , id_Institucion, id_Ocupacion) values ('0000271', 'eclevely7i', 'S0lJZ86DmRVF', 'Ennis Clevely', 'eclevely7i@vinaora.com', '3345 Main Junction', '+7 451 921 6979', '0001921', '0006211');
insert into CLIENTE (id, nombre_usuario, Contraseña , Nombre, Email, Direccion , Telefono , id_Institucion, id_Ocupacion) values ('0000272', 'bbustard7j', '9BVbqU', 'Bogart Bustard', 'bbustard7j@symantec.com', '6049 Red Cloud Plaza', '+7 112 226 8074', '0001928', '0006213');
insert into CLIENTE (id, nombre_usuario, Contraseña , Nombre, Email, Direccion , Telefono , id_Institucion, id_Ocupacion) values ('0000273', 'givimey7k', 'uFqYxADA', 'Gifford Ivimey', 'givimey7k@flavors.me', '0 Chinook Avenue', '+380 635 207 8937', '0001923', '0006211');
insert into CLIENTE (id, nombre_usuario, Contraseña , Nombre, Email, Direccion , Telefono , id_Institucion, id_Ocupacion) values ('0000274', 'fdi7l', '2h4Z4G56Gi', 'Fallon Di Napoli', 'fdi7l@samsung.com', '16518 Colorado Center', '+55 719 406 5760', '0001920', '0006211');
insert into CLIENTE (id, nombre_usuario, Contraseña , Nombre, Email, Direccion , Telefono , id_Institucion, id_Ocupacion) values ('0000275', 'tgass7m', 'yvcchr', 'Thatcher Gass', 'tgass7m@nyu.edu', '531 Forest Run Plaza', '+62 136 195 4603', '0001910', '0006214');
insert into CLIENTE (id, nombre_usuario, Contraseña , Nombre, Email, Direccion , Telefono , id_Institucion, id_Ocupacion) values ('0000276', 'rmaving7n', 'x4QcHT38t', 'Reece Maving', 'rmaving7n@topsy.com', '18030 International Way', '+380 901 529 0005', '0001927', '0006212');
insert into CLIENTE (id, nombre_usuario, Contraseña , Nombre, Email, Direccion , Telefono , id_Institucion, id_Ocupacion) values ('0000277', 'hclapston7o', 'MrhmLTQ', 'Hazlett Clapston', 'hclapston7o@linkedin.com', '61 Orin Center', '+62 165 304 5288', '0001918', '0006214');
insert into CLIENTE (id, nombre_usuario, Contraseña , Nombre, Email, Direccion , Telefono , id_Institucion, id_Ocupacion) values ('0000278', 'lthomasset7p', '9X3tSzFfVro', 'Larina Thomasset', 'lthomasset7p@usa.gov', '0 Katie Terrace', '+81 685 735 5830', '0001925', '0006214');
insert into CLIENTE (id, nombre_usuario, Contraseña , Nombre, Email, Direccion , Telefono , id_Institucion, id_Ocupacion) values ('0000279', 'jlicquorish7q', 'apkHPVqNW2eJ', 'Jane Licquorish', 'jlicquorish7q@ox.ac.uk', '962 Sherman Crossing', '+31 959 290 2427', '0001923', '0006214');
insert into CLIENTE (id, nombre_usuario, Contraseña , Nombre, Email, Direccion , Telefono , id_Institucion, id_Ocupacion) values ('0000280', 'favery7r', 'R8jhBzoFcny', 'Frank Avery', 'favery7r@paginegialle.it', '082 Armistice Lane', '+355 252 237 0885', '0001928', '0006214');
insert into CLIENTE (id, nombre_usuario, Contraseña , Nombre, Email, Direccion , Telefono , id_Institucion, id_Ocupacion) values ('0000281', 'acharleston7s', 'VxSGBIqJa', 'Ailee Charleston', 'acharleston7s@skyrock.com', '341 Clyde Gallagher Circle', '+93 163 449 7066', '0001919', '0006211');
insert into CLIENTE (id, nombre_usuario, Contraseña , Nombre, Email, Direccion , Telefono , id_Institucion, id_Ocupacion) values ('0000282', 'nswatradge7t', 'w77JfxOB4qGv', 'Nicolis Swatradge', 'nswatradge7t@yandex.ru', '520 Portage Circle', '+30 963 811 8230', '0001927', '0006212');
insert into CLIENTE (id, nombre_usuario, Contraseña , Nombre, Email, Direccion , Telefono , id_Institucion, id_Ocupacion) values ('0000283', 'akelinge7u', 'nyR1jEcio', 'Antonino Kelinge', 'akelinge7u@cpanel.net', '15457 Ridge Oak Road', '+55 825 153 1806', '0001912', '0006213');
insert into CLIENTE (id, nombre_usuario, Contraseña , Nombre, Email, Direccion , Telefono , id_Institucion, id_Ocupacion) values ('0000284', 'cdericut7v', 'pgLGy6UW', 'Carree Dericut', 'cdericut7v@google.ca', '80853 Texas Drive', '+55 851 690 0443', '0001914', '0006211');
insert into CLIENTE (id, nombre_usuario, Contraseña , Nombre, Email, Direccion , Telefono , id_Institucion, id_Ocupacion) values ('0000285', 'rsimononsky7w', 'FaSvnSv', 'Ryun Simononsky', 'rsimononsky7w@ask.com', '60857 Garrison Way', '+30 142 289 4504', '0001927', '0006211');
insert into CLIENTE (id, nombre_usuario, Contraseña , Nombre, Email, Direccion , Telefono , id_Institucion, id_Ocupacion) values ('0000286', 'gprecious7x', 'hHP7kv', 'Garfield Precious', 'gprecious7x@jugem.jp', '5782 Westridge Lane', '+86 854 892 1752', '0001913', '0006212');
insert into CLIENTE (id, nombre_usuario, Contraseña , Nombre, Email, Direccion , Telefono , id_Institucion, id_Ocupacion) values ('0000287', 'mmartinello7y', 'a09jIIvklEo', 'Mikkel Martinello', 'mmartinello7y@myspace.com', '7274 Huxley Park', '+55 747 206 8665', '0001929', '0006212');
insert into CLIENTE (id, nombre_usuario, Contraseña , Nombre, Email, Direccion , Telefono , id_Institucion, id_Ocupacion) values ('0000288', 'gheater7z', 'esjxTL', 'Ginger Heater', 'gheater7z@washingtonpost.com', '28 Loftsgordon Alley', '+86 536 810 5388', '0001919', '0006213');
insert into CLIENTE (id, nombre_usuario, Contraseña , Nombre, Email, Direccion , Telefono , id_Institucion, id_Ocupacion) values ('0000289', 'tgeard80', 'dmMVxPg7C', 'Tracy Geard', 'tgeard80@cnet.com', '3024 Barnett Avenue', '+81 909 212 1180', '0001921', '0006213');
insert into CLIENTE (id, nombre_usuario, Contraseña , Nombre, Email, Direccion , Telefono , id_Institucion, id_Ocupacion) values ('0000290', 'cupchurch81', 'dIqJHsSY9', 'Cristi Upchurch', 'cupchurch81@nasa.gov', '7023 North Way', '+81 426 419 0452', '0001911', '0006212');
insert into CLIENTE (id, nombre_usuario, Contraseña , Nombre, Email, Direccion , Telefono , id_Institucion, id_Ocupacion) values ('0000291', 'afoord82', 'lGBHI18Kh2', 'Athene Foord', 'afoord82@ft.com', '58 Corben Drive', '+7 699 492 3193', '0001911', '0006211');
insert into CLIENTE (id, nombre_usuario, Contraseña , Nombre, Email, Direccion , Telefono , id_Institucion, id_Ocupacion) values ('0000292', 'ewhellans83', 'ecvB2MMvY', 'Eldredge Whellans', 'ewhellans83@geocities.jp', '5042 Cordelia Alley', '+54 738 225 6799', '0001930', '0006214');
insert into CLIENTE (id, nombre_usuario, Contraseña , Nombre, Email, Direccion , Telefono , id_Institucion, id_Ocupacion) values ('0000293', 'pcowderay84', 'perFwfa6sM', 'Papagena Cowderay', 'pcowderay84@gov.uk', '07081 Elmside Way', '+63 901 558 0252', '0001929', '0006214');
insert into CLIENTE (id, nombre_usuario, Contraseña , Nombre, Email, Direccion , Telefono , id_Institucion, id_Ocupacion) values ('0000294', 'kgilpillan85', 'OLSkWd', 'Karlee Gilpillan', 'kgilpillan85@ning.com', '510 Duke Pass', '+30 190 211 2853', '0001926', '0006214');
insert into CLIENTE (id, nombre_usuario, Contraseña , Nombre, Email, Direccion , Telefono , id_Institucion, id_Ocupacion) values ('0000295', 'pfuzzard86', 'JfQ9LDS', 'Paolo Fuzzard', 'pfuzzard86@shareasale.com', '41 Algoma Court', '+62 185 340 3410', '0001921', '0006212');
insert into CLIENTE (id, nombre_usuario, Contraseña , Nombre, Email, Direccion , Telefono , id_Institucion, id_Ocupacion) values ('0000296', 'dkleinerman87', '4EnJoTKh', 'Davey Kleinerman', 'dkleinerman87@ibm.com', '3 Oak Valley Lane', '+359 607 375 6655', '0001910', '0006214');
insert into CLIENTE (id, nombre_usuario, Contraseña , Nombre, Email, Direccion , Telefono , id_Institucion, id_Ocupacion) values ('0000297', 'mleavold88', 'ozrHwvJ', 'Mariette Leavold', 'mleavold88@home.pl', '62 Anderson Pass', '+381 237 961 6437', '0001920', '0006213');
insert into CLIENTE (id, nombre_usuario, Contraseña , Nombre, Email, Direccion , Telefono , id_Institucion, id_Ocupacion) values ('0000298', 'bmowett89', 'llnPOhxJa9', 'Beverie Mowett', 'bmowett89@amazon.co.jp', '167 Hoepker Place', '+66 462 769 2629', '0001912', '0006211');
insert into CLIENTE (id, nombre_usuario, Contraseña , Nombre, Email, Direccion , Telefono , id_Institucion, id_Ocupacion) values ('0000299', 'bscaysbrook8a', 'g1F7E9HPD04', 'Blythe Scaysbrook', 'bscaysbrook8a@ftc.gov', '1 Luster Court', '+960 511 466 9317', '0001930', '0006211');
insert into CLIENTE (id, nombre_usuario, Contraseña , Nombre, Email, Direccion , Telefono , id_Institucion, id_Ocupacion) values ('0000300', 'nfurney8b', 'bgTWh6kNrTI', 'Niles Furney', 'nfurney8b@prlog.org', '790 Pleasure Court', '+244 190 326 8690', '0001910', '0006213');